place_id,province_id,place_town,barrio_id,type_id,place_label,place (used for folder name),place_alias,place_remarks,place_desc,place_time,place_tod,place_commitment,place_price,place_children,place_teenagers,place_popular,place_boost,place_annual_only,place_seasonal,place_daytrip,place_daily,place_sundays,place_landmark,place_requires_booking,place_active,place_zone,place_latlng_accurate,place_lat,place_lng,place_zoom,place_website,place_related_id,place_internal,place_has_image,place_tags
1,2,Barcelona,86,1,Badalona Beach,Badalona Beach,/badalona_beach,"Day trip on the train, 25 mins from Plaza Catalunya",A beach a few kilometres up the coast from Barcelona centre,8,1,1,1,4,2,0,0,0,0,1,1,1,1,1,1,1,1,41.44728,2.251392,0,,0,1,1,"beach,playa,platja"
2,2,Barcelona,14,10,Barceloneta Market,Barceloneta Market,/barceloneta_market,,A busy market for the local people of Barceloneta,4,1,1,1,2,4,0,0,0,0,0,1,0,1,1,1,1,1,41.380442,2.189219,0,http://www.mercatsbcn.cat,0,1,1,
3,2,Barcelona,13,9,Arc De Triomf,Arc De Triomf,/arc_de_triomf,,A monumental archway near to El Born and the city park,1,4,1,1,2,4,1,0,0,0,0,1,1,1,1,1,1,1,41.391055,2.180644,0,,0,1,1,
4,2,Barcelona,13,3,The Zoo,The Zoo,/the_zoo,,"Home to a wide selection of wild animals and birds, close to the centre of Barcelona",4,1,1,4,2,4,1,0,0,0,0,1,1,1,4,1,1,1,41.386336,2.189859,0,https://www.zoobarcelona.cat/en/home,0,1,1,
5,2,Barcelona,13,11,Parc de la Ciutadella (City Park),City Park,/city_park,,"A busy, verdant green park in the centre of Barcelona with a lake, a zoo and tropical plants and trees",4,1,1,1,2,4,1,2,0,0,0,1,1,1,1,1,1,1,41.388141,2.186029,0,,0,1,1,parc
6,2,Barcelona,14,12,Stand Up Paddleboarding (SUP),Stand Up Paddleboarding SUP,/stand_up_paddleboarding_sup,,A increasingly popular activitiy in Barcelona where people paddle on a type of surfboard whilst standing up,4,1,2,8,1,4,0,0,0,1,0,1,1,0,4,1,1,1,41.385501,2.198189,0,,0,1,1,
7,2,Barcelona,14,1,Platja de Sant Sebastià,Playa de Sant Sebastia,/playa_de_sant_sebastia,,"A busy and popular beach hotspot, situated next to Barceloneta and the W-hotel",1,1,1,1,4,4,1,1,0,0,0,1,1,1,1,1,1,1,41.371436,2.189364,0,,0,1,1,"beach,playa,platja"
8,2,Barcelona,14,1,Platja de la Barceloneta,Playa de la Barceloneta,/playa_de_la_barceloneta,,One of the most popular beaches in Barcelona and a big hit with the tourists. The closest beach to the centre of Barcelona,1,1,1,1,4,4,1,60,0,0,0,1,1,1,1,1,1,1,41.378398,2.192475,0,,0,1,1,"beach,playa,platja"
9,2,Barcelona,17,10,La Rambla de Catalunya,La Rambla de Catalunya,/la_rambla_de_catalunya,"Do not confuse this street with the famous Las Ramblas, which is situated south east from here and leads on from Plaza Catalunya",A busy pedestrian and road thoroughfare up from Plaza Catalunya hosting an assortment of Gaudi-esque style buildings in central Barcelona on La Rambla de Catalunya,1,1,1,1,2,2,0,5,0,0,0,1,1,0,1,1,1,1,41.391869,2.162216,0,,0,1,1,
10,2,Barcelona,16,10,Centre Comercial Las Arenas,Commercial Centre Barcelona,/commercial_centre_barcelona,,"A major indoor shopping centre with a free observation deck, overlooking Plaza de España",4,1,1,1,2,4,1,3,0,0,0,1,1,1,1,1,1,1,41.375598,2.149062,0,http://www.arenasdebarcelona.com/,0,1,1,
11,2,Barcelona,13,3,El Born Neighbourhood,El Born Neighbourhood,/el_born_neighbourhood,,"An up-market and bohemian neighbourhood in central Barcelona near to The Gothic Quarter, busy at all times",4,4,1,1,2,4,1,30,0,0,0,1,1,0,1,1,1,0,41.3840547,2.1803756,0,,0,1,1,
12,2,Barcelona,13,9,Basilica de Santa Maria del Mar,Basilica de Santa Maria del Mar,/basilica_de_santa_maria_del_mar,The church is free only during certain hours,"A large medieval Catalan Gothic church, in the heart of El Born",1,1,1,1,2,4,1,4,0,0,0,1,1,1,1,1,1,1,41.383893,2.182072,0,,0,1,1,
13,2,Barcelona,13,3,El Born Centre de Cultura i Memòria,El Born Centre de Cultura i Memoria,/el_born_centre_de_cultura_i_memoria,,"A restored former market with excavated city ruins on display, dating back to the 1700s",1,1,1,1,2,4,0,5,0,0,0,1,1,1,1,1,1,1,41.385686,2.183624,0,,0,1,1,
14,2,Barcelona,13,7,Picasso Museum,Picasso Museum,/picasso_museum,,Medieval mansions housing an extensive collection of influential Spanish cubist's works and masterpieces,4,1,1,4,2,4,1,10,0,0,0,1,1,1,1,1,1,1,41.385216,2.180894,18,http://www.museupicasso.bcn.cat/,0,1,1,"museu,museo,museum"
15,2,Barcelona,13,10,Santa Caterina Market,Santa Caterina Market,/santa_caterina_market,,"A working market in the El Born neighbourhood, offering many sit-down food and drink options",1,1,1,1,2,2,0,10,0,0,0,1,0,1,1,1,1,1,41.386207,2.178439,0,,0,1,1,"mercat de Santa Caterina,mercat,santa caterina"
16,2,Barcelona,13,3,Palau de la Música Catalana,Palau de la Musica Catalana,/palau_de_la_musica_catalana,,An Art Nouveau concert hall in El Born,1,4,1,4,2,2,0,3,0,0,0,1,1,1,1,1,1,1,41.387576,2.175312,0,,0,1,1,
17,2,Barcelona,13,5,Plaça de Santa Maria,Plaza de Santa Maria,/plaza_de_santa_maria,,The plaza infront of the Basilica of Santa Maria del Mar church,1,4,1,1,4,4,0,0,0,0,0,1,1,1,1,1,1,1,41.383445,2.18176,0,,12,1,1,"plaça,placa,plaza,square"
18,2,Barcelona,46,8,El Carmel and The Bunkers (Turó de la Rovira),El Carmel and The Bunkers,/el_carmel_and_the_bunkers,Also known as Turó de la Rovira,An excellent vantage point for seeing the whole of Barcelona from the abandoned Bunkers of the Carmel neighbourhood,4,4,4,1,4,4,1,0,0,0,0,1,1,1,1,1,1,1,41.419297,2.16178,0,,0,1,1,"turó de la rovira,turo de la rovira,turo,rovira,bunkers,carmel"
19,2,Barcelona,12,3,"El Call, Barrio Gotico",Gothic Quarter and The Jewish Quarter,/gothic_quarter_and_the_jewish_quarter,,"The old Jewish Quarter, near to Plaza Sant Jaume, known as El Call, from the Hebrew word kahal",4,4,1,1,2,4,1,5,0,0,0,1,1,0,1,1,1,1,41.382305,2.176292,15,,26,1,1,"gothic quarter,gothic,gotic,central"
20,2,Barcelona,12,9,Basilica de Santa Maria del Pi,Basilica de Santa Maria del Pi,/basilica_de_santa_maria_del_pi,,"A large medieval Catalan Gothic church, in the heart of El Gotico",4,1,1,4,2,4,1,10,0,0,0,1,1,1,1,1,1,1,41.382161,2.173957,18,,28,1,1,
21,2,Barcelona,12,10,Las Ramblas,Las Ramblas,/las_ramblas,,A very busy pedestrian thoroughfare connecting Plaza Catalunya to the sea and one of the most famous tourist attractions in Barcelona,2,4,1,1,2,4,1,95,0,0,0,1,1,1,1,1,1,1,41.381532,2.17292,18,,0,1,1,
22,2,Barcelona,12,10,Gothic Quarter Boutique Shopping (Carrer d'Avinyó),Gothic Quarter Boutique Shopping (Carrer d'Avinyo),/gothic_quarter_boutique_shopping_carrer_davinyo,,"An assortment of small, independent boutique shops hidden away in the heart of the Gothic Quarter",1,4,1,1,4,4,1,20,0,0,0,1,1,1,1,1,1,1,41.380861,2.177413,0,,0,1,1,
23,2,Barcelona,12,4,Gothic Quarter Art Festival,Gothic Quarter Art Festival,/gothic_quarter_art_festival,The art fair is in Plaza Sant Josep Oriol during the daytime,"A weekly art fair featuring local artists and painters, in the Plaza of Sant Josep Oriol",1,8,1,1,2,2,0,0,0,1,0,1,1,1,1,1,1,1,41.382438,2.174168,0,,0,1,1,"festival,fiesta"
24,2,Barcelona,12,2,Bar Mariatchi,Bar Mariatchi,/bar_mariatchi,As made famous by Manu Chao,"A bar in the backstreets of El Gotico, made famous by Manu Chao, who apparently used to frequent the place",1,2,1,2,1,1,0,0,0,0,0,1,0,1,1,0,1,1,41.3797202,2.1776004,0,,0,1,1,
25,2,Barcelona,12,3,Jamón Experience,Jamon Experience,/jamon_experience,,#TODO,1,1,1,8,2,2,0,0,0,0,0,1,1,1,1,0,1,1,0,0,0,,0,1,1,
26,2,Barcelona,12,5,Plaça Sant Jaume,Plaza Sant Jaume,/plaza_sant_jaume,,A major city square landmark and home to the town hall & the Palau de la Generalitat,1,1,1,1,4,4,1,20,0,0,0,1,1,1,1,1,1,1,41.382521,2.177223,0,,0,1,1,"plaça,placa,plaza,square"
27,2,Barcelona,12,5,Plaça Sant Josep Oriol,Plaza Sant Josep Oriol,/plaza_sant_josep_oriol,,"A busy but charming central medieval plaza, in the heart of El Goticó next to the Basilica church of Santa Maria del Pi",1,1,1,1,4,4,0,8,0,0,0,1,1,1,1,1,1,1,41.382336,2.174228,19,,0,1,1,"plaça,placa,plaza,square"
28,2,Barcelona,12,5,Plaça del Pi,Plaza del Pi OLD,/plaza_del_pi_old,,"A small, but busy charming plaza flanked by typical medieval gothic looking buildings, situated at the front door of the Basilica de Santa Maria del Pi",1,1,1,1,4,4,0,7,0,0,0,1,1,1,1,0,1,1,41.3822249,2.1742604,0,,27,1,0,"plaça,placa,plaza,square"
29,2,Barcelona,12,5,Plaça de Catalunya,Plaza Catalunya,/plaza_catalunya,,A large central plaza and key meeting place for tourists and transport connections,1,1,1,1,4,4,1,81,0,0,0,1,1,1,1,1,1,1,41.387024,2.170048,0,,0,1,1,"plaça,placa,plaza,square"
30,2,Barcelona,12,5,Plaça Reial,Plaza Reial,/plaza_reial,,"A square plaza just off Las Ramblas in El Goticó, filled with restaurants, bars and clubs",1,4,1,1,4,4,1,45,0,0,0,1,1,1,1,1,1,1,41.379953,2.175082,0,,0,1,1,"plaça,placa,plaza,square"
31,2,Barcelona,12,5,Plaça de Sant Miguel,Plaza de Sant Miguel,/plaza_de_sant_miguel,,"A busy plaza tucked away in The Gothic Quarter, home to bars and restaurants and a unique metallic sculpture",1,4,1,1,4,4,0,6,0,0,0,1,1,1,1,1,1,1,41.381855,2.177184,0,,32,1,1,"plaça,placa,plaza,square"
32,2,Barcelona,12,5,Plaça de George Orwell,Plaza George Orwell,/plaza_george_orwell,Known as Plaça Tripi by the locals.,"A popular triangular plaza housing many bars, restaurants and nightclubs",1,4,1,1,4,4,0,5,0,0,0,1,1,1,1,1,1,1,41.38052,2.177289,0,,31,1,1,"plaça,placa,plaza,square"
33,2,Barcelona,12,5,Plaça de la Mercè,Plaza De La Merce,/plaza_de_la_merce,,"A quieter open plaza at the bottom of El Goticó, home to La Basílica de la Mercè",1,1,1,1,4,4,0,0,0,0,0,1,1,1,1,1,1,1,41.379338,2.1794824,0,,0,1,1,"plaça,placa,plaza,square"
34,2,Barcelona,12,5,Plaça de Sant Felip Neri,Plaza Sant Felip Neri,/plaza_sant_felip_neri,,"A cute plaza and home to La Església de Sant Felip Neri, an 18th century Baroque church",1,1,1,1,4,4,0,4,0,0,0,1,1,1,1,1,1,1,41.383385,2.175065,0,,0,1,1,"plaça,placa,plaza,square"
35,2,Barcelona,12,5,Placeta de Manuel Ribé,Placeta de Manuel Ribe,/placeta_de_manuel_ribe,Quaint little plaza tucked away in the heart of the Gothic Quarter.,"Small placeta in the hidden streets of El Goticó, home to some super hidden restaurants and a great coffee shop",1,1,1,1,4,4,0,0,0,0,0,1,1,1,1,1,1,1,41.382691,2.175478,0,,0,1,1,
36,2,Barcelona,12,12,Gothic Tour on Sedgeways,Gothic Tour on Sedgeways,/gothic_tour_on_sedgeways,"Segways can be hired from various places in the Gothic Quarter, where you will also find bicycle hire, too",Daytrips around the Gothic Quarter and Barcelona on segways,8,1,2,8,1,4,0,0,0,0,0,1,1,0,1,1,1,0,41.382483,2.176859,0,,37,1,1,
37,2,Barcelona,12,12,Bike Rental Barcelona,Bike Rental Barcelona,/bike_rental_barcelona,You will find many bike rental agencies in the Gothic Quarter and surrounding area,Daytrips around the Gothic Quarter and Barcelona by bike,8,1,2,4,1,4,0,0,0,0,1,1,1,0,1,1,1,0,41.381659,2.175833,0,,158,1,1,
38,2,Barcelona,12,12,Electric Scooter Rental,Electric Scooter Rental,/electric_scooter_rental,You will find many electric scooter rental agencies in the Gothic Quarter and Barceloneta,Daytrips around the Gothic Quarter and Barcelona by electric scooter,8,1,2,4,1,4,0,0,0,0,1,1,1,0,1,0,1,0,0,0,0,,0,1,0,
39,2,Barcelona,83,12,"Skating Clubs, Associació de Patinadors de Barcelona",Skating Clubs Associacio de Patinadors de Barcelona,/skating_clubs_associacio_de_patinadors_de_barcelona,The group meet a few times a week with a big skate on Friday nights at 10:30pm (9:30pm winter). Check their Facebook group for more information about the routes and meeting times.,"A skating club based in Barcelona, which organises weekly inline skating events through the streets of Barcelona. The club have a lot of dedicated members and in the summer months, the number of skaters can be some 100 people",4,2,4,1,1,4,0,0,0,1,0,1,0,0,1,1,1,1,41.390633,2.198183,17,,0,1,1,
40,2,Barcelona,86,6,Ocata & El Masnou,Ocata & El Masnou,/ocata_and_el_masnou,"Ocata and El Masnou are quiet little seaside towns just past the outskirts of Barcelona, suitable for a daytrip","Quaint little seaside towns with a beach and harbour, just outside of Barcelona",8,4,2,2,2,2,0,0,0,0,1,1,1,0,1,1,2,0,41.477131,2.310701,0,,0,1,1,
41,2,Barcelona,11,7,MACBA (Museu d'Art Contemporani de Barcelona),MACBA (Museum of Contemporary Arts Barcelona),/macba_museum_of_contemporary_arts_barcelona,,"A major collection of Catalan contemporary art from the last century, situated in the Raval neighbourhood",2,1,1,4,2,4,1,30,0,0,0,1,1,1,1,1,1,1,41.383196,2.166867,0,,0,1,1,"museu,museo,museum"
42,2,Barcelona,11,10,Mercado de La Boqueria,La Boqueria Food Market,/la_boqueria_food_market,The market is closed on Sundays,"A busy and popular market just off Las Ramblas, very popular with tourists",1,1,1,1,2,4,1,50,0,0,0,1,0,1,1,1,1,1,41.381743,2.171585,0,,161,1,1,
43,2,Barcelona,11,11,Jardins de Rubió i Lluch,Gardens of Rubio and Lluch,/gardens_of_rubio_and_lluch,,"A pleasant garden square tucked away in the Raval neighbourhood, near to Liceu, the MACBA and the Rambla of Raval",1,1,1,1,2,2,0,0,0,0,0,1,1,1,1,1,1,1,41.381046,2.169814,0,https://guia.barcelona.cat/es/detall/jardins-de-rubio-i-lluch_99335120509.html,0,1,1,
44,2,Barcelona,11,5,Plaça del Bonsuccés,Plaza del Bonsucces,/plaza_del_bonsucces,,"A secretive little bustling plaza with places to dine and drink, especially popular in the summer, in the Raval neighbourhood",1,4,1,1,4,4,0,0,0,0,0,1,1,1,1,1,1,1,41.383914,2.169548,0,,0,1,1,"plaça,placa,plaza,square"
45,2,Barcelona,40,11,Park Güell,Park Guell,/park_guell,"Free to go, but some areas may require an entry fee",A Gaudi-inspired park and very popular tourist destination in the upper Gracia neighbourhood,4,1,2,8,2,4,1,90,0,0,0,1,1,1,1,1,1,1,41.414498,2.152695,0,,0,1,1,parc
46,2,Barcelona,38,2,Vermouth In Gracia,Vermouth In Gracia,/vermouth_in_gracia,,"Do it like the locals do and have a Vermut in Gracia - a typical past-time, particularly on a Sunday",2,4,2,4,1,1,0,0,0,0,0,1,1,0,1,1,1,1,41.4101958,2.1333186,14,,0,1,1,
47,2,Barcelona,19,9,La Sagrada Familia,La Sagrada Familia,/la_sagrada_familia,,Barcelona's jewel in the crown - a spectacular Gaudi cathedral with breathtaking architecture,4,1,2,8,2,4,1,100,0,0,0,1,1,1,8,1,1,1,41.403632,2.174355,0,http://www.sagradafamilia.org/en/,235,1,1,"gaudi,architecture"
48,2,Barcelona,30,3,Camp Nou,Camp Nou,/camp_nou,,"Barcelona's primary football stadium in the city, home to Barça",4,1,2,16,1,4,1,20,0,0,0,1,1,1,1,1,1,1,41.380929,2.12282,0,https://www.fcbarcelona.com/tour/buy-tickets,172,1,1,
49,2,Barcelona,86,6,Mataró,Mataro,/mataro,,"A large town, situated outside of Barcelona with a cute centre and a beach",8,4,2,2,2,2,0,0,0,0,1,1,1,1,1,1,3,1,41.533394,2.445459,15,,0,1,1,
50,2,Barcelona,86,1,Montgat Beach,Montgat Beach,/montgat_beach,,A great beach situated just outside of Barcelona past Badalona. Popular with the locallers during the hotter months,4,1,4,1,4,2,0,0,0,0,1,1,1,1,1,1,1,1,41.465467,2.280183,0,,0,1,1,"beach,playa,platja"
51,2,Barcelona,86,6,Montserrat,Montserrat,/montserrat,Montserrat is a 1hr 30m train ride from Plaza España. Great walking in the area and breathtaking views,"A village in the mountains to the northwest of Barcelona, about 1.5 hours away by train",8,1,4,16,2,4,1,10,0,0,1,1,1,1,1,1,-1,0,41.5957805,1.8276255,13,,0,1,1,
52,2,Barcelona,86,6,Sitges,Sitges,/sitges,,"A popular beach town getaway about an hour outside of Barcelona, great for day trips",16,4,4,8,2,4,1,0,0,0,1,1,1,1,1,1,3,0,41.239062,1.809681,14,,0,1,1,
53,2,Girona,86,6,Costa Brava,Costa Brava,/costa_brava,,A famous tourist destination up the coast from Barcelona in the Girona province,32,4,4,16,2,4,0,25,0,0,1,1,1,1,1,1,-1,0,41.81571,3.068678,0,,0,1,1,
54,20,Andorra,86,6,Visit Andorra,Visit Andorra,/visit_andorra,,"Visit Andorra, a country deep in the Pyrenees mountains but accessible from Barcelona. Daytrips even possible!",32,4,8,32,2,4,0,30,0,0,2,1,1,0,8,1,-1,0,42.5424376,1.457589,11,,0,1,1,
55,13,Mallorca,86,6,Mallorca,Mallorca,/mallorca,There is a ferry from Barcelona Port to Palma or Pollença in Mallorca,"Mallorca is the largest island in The Balearic Islands, which are an archipelago off eastern Spain, in the Mediterranean. It is known for its beaches, scenic coastline and the Serra de Tramuntana mountains in the north part of the island. Palma, the capital city, is known for its Gothic cathedral",32,4,16,32,2,2,0,0,0,0,2,1,1,1,8,1,-1,0,39.6136905,2.6314678,10,,0,1,1,
56,2,Barcelona,26,2,Tapas @ Carrer de Blai,Tapas @ Carrer de Blai,/tapas_at_carrer_de_blai,,"A busy street in the Poble Sec neighbourhood, famous for pinxos restaurants and cheap tapas",2,2,2,4,1,4,0,15,0,0,0,1,1,0,1,1,1,1,41.3736574,2.1623203,0,,279,1,1,
57,2,Barcelona,12,3,Barcelona Harbour,Barcelona Harbour,/barcelona_harbour,,"Barcelona Harbour is a great place for a walk at all times of the day and one can access the Aquarium, Mare Magnum and The Port of Barcelona",4,4,1,1,2,4,1,3,0,0,0,1,1,1,1,1,1,1,41.3743181,2.1800218,0,,0,1,1,
58,2,Barcelona,12,3,Barcelona Aquarium,Barcelona Aquarium,/barcelona_aquarium,,"The Barcelona aquarium, in the Barceloneta neighbourhood of Barcelona",4,1,1,4,2,4,1,0,0,0,0,1,1,1,1,1,1,1,41.37684,2.184336,0,https://www.aquariumbcn.com/,282,1,1,
59,2,Barcelona,14,7,Museu d'Història de Catalunya,History Museum of Catalonia,/history_museum_of_catalonia,,"A museum situated in Barceloneta, with artifacts from Catalan history from its origin to the present day",2,1,1,2,2,4,0,8,0,0,0,1,1,1,1,1,1,1,41.380715,2.186015,0,http://www.mhcat.cat/,0,1,1,"museu,museo,museum"
60,2,Barcelona,14,2,"Cocktails @ Hotel W Barcelona, Bar Eclipse","Cocktails @ Hotel W Barcelona, Bar Eclipse",/cocktails_at_hotel_w_barcelona_bar_eclipse,,"A bar in the iconic W-hotel, offering stunning sea views, and of course, cocktails!",2,2,2,4,1,1,0,25,0,0,0,1,1,0,1,1,1,1,41.368521,2.190506,16,http://www.eclipse-barcelona.com/,0,1,1,
61,2,Barcelona,12,9,"El Colom, La Rambla (Plaça de les Drassanes)","El Colom, La Rambla (Plaza de les Drassanes)",/el_colom_la_rambla_plaza_de_les_drassanes,,The memorial column at the bottom of Las Ramblas,1,1,1,1,2,4,1,0,0,0,0,1,1,1,1,1,1,1,41.375813,2.177768,0,,0,1,1,"plaça,placa,plaza,square,statue"
62,2,Barcelona,12,6,Harbour Boat Tour,Harbour Boat Tour,/harbour_boat_tour,,"One of many boat tours are available from the Port of Barcelona, with various tour operators available",4,1,2,8,2,4,0,0,0,0,1,1,1,0,1,1,1,1,41.3753911,2.1767405,0,,0,1,1,
63,2,Barcelona,20,10,Mercat de Sant Antoni,Sant Antoni Market,/sant_antoni_market,,Major indoor markethall in the Sant Antoni neighbourhood of Barcelona,2,1,2,1,2,4,0,8,0,0,0,1,0,1,1,1,1,1,41.378608,2.162079,0,https://www.mercatdesantantoni.com/,42,1,1,"mercado,market,sant antoni"
64,2,Barcelona,37,3,Mount Tibidabo and Amusement Park,Mount Tibidabo and Amusement Park,/mount_tibidabo_and_amusement_park,,"On of the highest mountains in Barcelona, featuring fantastic panoramas, a temple and an amusement park",4,1,4,8,2,4,1,5,0,0,1,1,1,1,1,1,1,1,41.421645,2.119471,16,,0,1,1,parc
65,2,Barcelona,83,1,Platja de la Nova Icària,Playa de la Nova Icaria,/playa_de_la_nova_icaria,,A central Barcelona beach in between Port Olympic and Bogatell beach,1,1,1,1,4,4,1,0,0,0,0,1,1,1,1,1,1,1,41.390405,2.2023,0,,0,1,1,"beach,playa,platja"
66,2,Barcelona,79,1,Platja del Bogatell,Playa del Bogatell,/playa_del_bogatell,,A central Barcelona beach in between Bogatell beach and Mar Bella beach,1,1,1,1,4,4,1,6,0,0,0,1,1,1,1,1,1,1,41.394408,2.207006,0,,0,1,1,"beach,playa,platja"
67,2,Barcelona,77,1,Platja de la Mar Bella,Playa de la Mar Bella,/playa_de_la_mar_bella,,A Barcelona beach in between Mar Bella beach and Llevant beach,1,1,1,1,4,4,0,10,0,0,0,1,1,1,1,1,1,1,41.399517,2.213283,0,,0,1,1,"beach,playa,platja"
68,2,Barcelona,74,11,Parc del Fòrum,Parc del Forum,/parc_del_forum,,"An outdoor uban landscape at the waterfront, which is host to events, gigs, concerts, trade shows and festivals",1,1,2,1,2,4,0,0,0,0,0,1,1,1,1,1,1,1,41.4106821,2.2241534,0,,153,1,1,park
69,2,Barcelona,77,10,Palo Alto Market,Palo Alto Market,/palo_alto_market,,"An open-air market in the grounds of Palo Alto near Selva de Mar hosting independent market sellers, food, drink stalls and handmade goods",4,1,2,4,2,4,0,6,0,0,0,0,1,1,1,1,1,1,41.404559,2.210196,0,http://www.palomarketfest.com/,0,1,1,
70,2,Barcelona,26,3,Funicular Montjuïc,Funicular Montjuic,/funicular_montjuic,,"A counter-levered rail car offering assistance up Montjuic to approximately halfway up, connecting with the L2 Metro line at Parallel metro station",4,1,2,4,8,4,1,1,0,0,0,1,1,0,1,1,1,1,41.375008,2.168992,0,,72,1,1,
71,2,Barcelona,26,3,Castell de Montjuïc,The Montjuic Castle,/the_montjuic_castle,"There is an entrance fee to get into the castle, which includes the museum","A castle at the top of Montjuic hill overlooking the city with 360 degree panoramas, castle walls, a museum and military collection",4,1,2,4,2,4,1,12,0,0,0,1,1,1,1,1,1,1,41.362964,2.165064,0,http://ajuntament.barcelona.cat/castelldemontjuic/en,0,1,1,
72,2,Barcelona,26,3,Montjuïc Cable Car,Montjuic Cable Car,/montjuic_cable_car,"Take the cable car from near the W-hotel to Montjuic then walk to the second station (10 mins walk). It is also possible to walk up to the castle, instead of using the second cable car","The Montjuic Cable Car runs between the beach at Barceloneta to the hillside of Montjuic. Tourists can reach Montjuic and the Castle at the top in style, using a second cable car system. Note: The systems are not connected",4,1,2,8,2,4,1,15,0,0,0,1,1,0,1,1,1,1,41.373161,2.187798,0,,148,1,1,
73,2,Barcelona,26,9,Estadi Olímpic Lluís Companys,1992 Olympics Stadium,/1992_olympics_stadium,It is usually possible to go inside for free and sit in the stadium in the daytime,"The olympic stadium that played host to the 1992 olympics, now used as a general purpose stadium for concerts and events",2,1,2,1,2,4,0,10,0,0,0,1,1,1,1,1,1,1,41.364762,2.155672,0,https://www.estadiolimpic.cat/contacte/contacta-amb-nosaltres/,0,1,1,
74,2,Barcelona,26,7,Museu Nacional d'Art de Catalunya,National Art Museum of Catalonia,/national_art_museum_of_catalonia,The museum is a 5-10 minute stroll from Plaza de España metro,"An iconic and unparalleled spectacle of a palace purched on the Montjuic hillside, home to a major Catalan art collection, dating back to the 11th Century",2,1,2,2,2,2,1,50,0,0,0,1,1,1,2,1,1,1,41.368745,2.15342,0,http://www.museunacional.cat/en,115,1,1,"museu,museo,museum"
75,2,Barcelona,26,5,Plaça de les Cascades,Plaza de los Cascades,/plaza_de_los_cascades,,"Home to the Magic Fountain, the huge fountain is one of the best views looking up towards the National Palace",1,1,1,1,2,4,0,30,0,0,0,1,1,1,1,1,1,1,41.369827,2.152659,0,,228,1,1,"plaça,placa,plaza,square,water,fountain"
76,2,Barcelona,26,8,Mirador del Migdia,Mirador del Migdia,/mirador_del_migdia,,"An uncompromised view out over the Mediterranean sea towards the airport, with views of the city and the cemetery",1,1,2,1,2,4,0,0,0,0,0,1,1,1,1,1,1,1,41.35847,2.159347,0,,0,1,1,
77,2,Barcelona,26,8,Mirador de Montjuïc,Mirador de Montjuic,/mirador_de_montjuic,,Staggering views across the Mediterranean sea and Barcelona port from an open viewpoint surrounded by lush green gardens,1,1,2,1,2,4,0,40,0,0,0,1,1,1,1,1,1,1,41.370293,2.172455,0,,78,1,1,
78,2,Barcelona,26,11,Jardins del Mirador Montjuïc,Jardins del Mirador Montjuic,/jardins_del_mirador_montjuic,,"Tranquil gardens a few metres away from the cable car station, about halfway up Montjuic, in front of the Hotel Miramar",1,1,2,1,2,4,0,45,0,0,0,1,1,1,1,1,1,1,41.370984,2.171785,0,,77,1,1,
79,2,Barcelona,26,5,Plaça d'Espanya,Plaza Espana,/plaza_espana,,"One of Barcelon's most important squares at the foot of Montjuic, offering major transport connections and a fantastic view of The National Art Museum of Catalunya",1,1,1,1,4,4,1,80,0,0,0,1,1,1,1,1,1,1,41.375046,2.149116,0,,0,1,1,"plaça,placa,plaza,square,espanya"
80,2,Barcelona,86,6,Vilassar de Mar,Vilassar de Mar,/vilassar_de_mar,,"A small seaside town up the coast from Barcelona, accessible by train in Zone 2",8,4,2,2,2,2,0,0,0,0,1,1,1,1,1,1,1,0,41.500413,2.389512,15,,0,1,1,
81,2,Barcelona,86,10,Badalona Promenade & Maritime Passage,Badalona Promenade & Maritime Passage,/badalona_promenade_and_maritime_passage,,"The main Rambla of Badalona and promenade to the beach, where you can enjoy a good walk, coffee or meal",4,1,2,1,2,2,1,30,0,0,0,1,1,1,1,1,1,1,41.447777,2.251481,0,,0,1,1,
82,2,Barcelona,83,12,Barcelona Kayaking,Barcelona Kayaking,/barcelona_kayaking,,,4,1,4,8,1,4,0,0,0,1,0,1,1,0,1,0,1,0,41.385222,2.198858,0,,0,1,1,
83,2,Barcelona,11,3,El Raval Neighbourhood,El Raval Neighbourhood,/el_raval_neighbourhood,,"The old town of Barcelona home to bohemian bars, cool street art, independent shops and history of the city, situated to the West of El Gotico",4,4,1,1,2,4,1,12,0,0,0,1,1,0,1,1,1,0,41.379589,2.168289,0,,0,1,1,
84,2,Barcelona,38,3,Gràcia Neighbourhood,Gracia Neighbourhood,/gracia_neighbourhood,,"An affluent and trendy neighbourhood, also known as Vila de Gràcia, north of Diagonal and home to hundreds of bars and restaurants with a vibrant & sophisticated social culture",4,4,1,1,2,4,0,0,0,0,0,1,1,0,1,1,1,0,41.40408,2.155874,15,,46,1,1,
85,2,Barcelona,14,3,Barcelona Beaches,Barcelona Beaches,/barcelona_beaches,,"The beaches of Barcelona are a major feature of Barcelona, attracting millions each year",4,4,1,1,2,4,1,95,0,0,0,1,1,0,1,0,1,1,41.375721,2.190389,14,,8,1,1,"beach,playa,platja"
86,2,Barcelona,38,4,La Festa Major de Gracia,La Fiesta Mayor de Gracia,/la_fiesta_mayor_de_gracia,The festival usually occurs in August each year and there is an app available for the phone with the programme.,"A week-long festival in summer where most of the Gracia neighbourhood decorate their streets, competing for the most elaborate displays. Home to one of the best correfocs (fire run) in Barcelona.",8,4,2,1,2,4,1,50,1,1,0,0,1,0,1,1,1,1,41.399997,2.157819,15,,0,1,1,"festival,fiesta"
87,2,Barcelona,14,4,Sant Joan Festival,Sant Joan Festival,/sant_joan_festival,"The festival of Sant Joan is annually, usually at the end of June","A weekend festival which marks the summer solstice and celebrated by the whole city of Barcelona, with thousands flocking to the beach into the early hours",4,2,2,1,4,4,1,0,1,1,0,0,1,0,1,1,1,1,41.376213,2.1906,0,,0,1,1,"festival,fiesta"
88,2,Barcelona,12,5,Plaça del Pi,Plaza del Pi,/plaza_del_pi,,"A small plaza at the front door to the Basilica of Santa Maria del Pi, often home to a food market and hundred of tourists",1,4,1,1,4,4,1,0,0,0,0,1,1,1,1,1,1,1,41.3823436,2.1737731,0,,28,1,1,"plaça,placa,plaza,square"
89,2,Barcelona,12,5,Plaça del Rei,Plaza del Rey,/plaza_del_rey,,Medieval square housing a history museum in central Gotico,1,4,1,1,4,4,1,0,0,0,0,1,1,1,1,1,1,1,41.3841428,2.177821,0,,0,1,1,"plaça,placa,plaza,square"
90,2,Barcelona,12,5,Plaça De Sant Lu,Plaza De Sant Lu,/plaza_de_sant_lu,,A small enclosed plaza to the east side of The Cathedral,1,1,1,1,4,4,0,0,0,0,0,1,1,1,1,1,1,1,41.384124,2.176927,0,,0,1,1,"plaça,placa,plaza,square"
91,2,Girona,86,6,Cadaqués,Cadaques,/cadaques,,"A town in the Cap de Creus peninsula of Girona, a few hours up the coast from Barcelona, near to France",8,1,4,4,2,2,0,0,0,0,1,1,1,1,1,1,-1,0,42.2870876,3.2725862,14,,0,1,1,
92,2,Girona,86,6,Figueres,Figueres,/figueres,,A town in Girona which is the original birthplace of Salvador Dali,8,4,8,16,2,2,0,0,0,0,1,1,1,1,1,1,-1,0,42.2642502,2.9564891,14,,0,1,1,
93,2,Girona,86,6,Girona,Girona,/girona,,"The city at the centre of the province of Girona, outside of Barcelona and in Cataluña",16,1,8,16,2,2,0,0,0,0,1,1,1,1,1,0,-1,0,41.9803112,2.7836478,13,,0,1,1,
94,2,Girona,86,6,Cap de Creus,Cap de Creus,/cap_de_creus,,"Cap de Creus is a peninsula at the far northeast of Catalonia, some 25 kilometres south from the French border. The cape lies in the municipal area of Cadaqués",16,1,8,16,2,2,0,0,0,0,1,1,1,1,1,1,-1,0,42.3202817,3.3136353,18,,0,1,1,
95,2,Girona,86,6,Púbol,Pubol,/pubol,,Púbol is a small town located in the province of Girona. The artist Salvador Dalí lived at the Castle of Púbol in 1982,8,1,8,16,2,2,0,0,0,0,1,1,1,1,1,1,-1,0,42.0140757,2.9808034,17,,0,1,0,
96,2,Girona,86,6,Besalú,Besalu,/besalu,,"Besalú is a town in Girona, located near to the border of France and Spain",8,1,8,16,2,2,0,0,0,0,1,1,1,1,1,1,-1,0,42.1998785,2.6890366,0,,0,1,1,
97,2,Barcelona,86,6,Tarragona,Tarragona,/tarragona,,Tarragona is a port city about 2 hours down the coast from Barcelona by train,16,4,8,16,2,2,0,0,0,0,1,1,1,1,1,1,-1,0,41.1258642,1.2035543,13,,0,1,1,
98,2,Girona,86,6,Begur,Begur,/begur,,"Begur is a small town in Baix Empordà, Catalonia on the coastline of the Costa Brava. During the summer months the population can increase ten-fold",16,4,8,16,2,2,0,0,0,0,1,1,1,1,1,1,-1,0,41.952522,3.1596212,13,,0,1,1,
99,2,Barcelona,86,6,Sant Miquel del Fay,Sant Miquel del Fay,/sant_miquel_del_fay,,,8,1,8,16,2,2,0,0,0,0,1,1,1,1,1,0,-1,0,41.7160557,2.1883996,16,,0,1,1,
100,2,Barcelona,86,6,Rupit,Rupit,/rupit,,"Rupit is a village in Osona, in the subregion of the Collsacabra, in Catalonia and is located at 822m above sea level some 98 km from Barcelona",8,1,8,16,2,2,0,0,0,0,1,1,1,1,1,1,-1,0,42.0246744,2.463189,17,,0,1,1,
101,11,Aragon,86,6,Zaragoza,Zaragoza,/zaragoza,,Zaragoza is the capital of Spain's Aragon region. The city has several landmarks which combine Islamic and Gothic architecture,16,4,8,16,2,2,0,0,0,0,1,1,1,1,1,1,-1,0,41.6517501,-0.9300003,13,,0,1,1,
102,2,Barcelona,86,6,Alta Alella,"Alta Alella, Cami Baix de Tiana, Alella DO",/alta_alella_cami_baix_de_tiana_alella_do,,A vineyard near to Barcelona offering wine tasting sessions and guided tours of the vineyard covering everything from the growing of grapes to the wine making process,8,1,8,16,1,2,0,0,0,1,1,1,1,1,8,1,-1,1,41.4868724,2.2847513,0,http://www.altaalella.wine/,0,1,1,
103,2,Girona,86,6,"Platja d'es Codolar, Tossa de Mar","Codolar Beach, Tossa de Mar",/codolar_beach_tossa_de_mar,,Tossa de Mar is situated 100km from Barcelona and equidistant between there and the French border on the Costa Brava,16,4,8,16,2,4,0,0,0,0,1,1,1,1,1,1,-1,1,41.715938,2.932559,0,,0,1,1,"beach,playa"
104,20,Alicante,86,6,Alicante,Alicante,/alicante,,"Alicante is a port city in Spain's Costa Blanca, and the capital of the Alicante province. It has an old town called Barrio de la Santa Cruz, which has narrow streets, coloured houses and a vibrant nightlife scene",16,4,8,16,2,2,0,0,0,0,2,1,1,1,1,1,-1,0,38.3579029,-0.5075436,13,,0,1,1,
105,4,Valencia,86,6,Valencia,Valencia,/valencia,,"The port city of Valencia is situated where the Turia River meets the Mediterranean Sea. It has a reputation for being a city of arts and sciences, and the city has many futuristic looking buildings",32,16,16,32,2,2,0,0,0,0,2,1,1,1,2,1,-1,0,39.469915,-0.376287,14,,0,1,1,
106,2,Barcelona,86,6,Barberà del Vallès,Barbera del Valles,/barbera_del_valles,,,8,1,8,16,2,2,0,0,0,0,1,1,1,1,1,0,2,0,41.5198173,2.1186585,14,,0,1,1,
107,20,Alicante,86,6,"Playa de la Granadella, Kayak Tour","Playa de la Granadella, Kayak Tour",/playa_de_la_granadella_kayak_tour,,,16,1,8,16,1,4,0,0,0,1,1,0,1,0,1,0,-1,0,38.7286971,0.1939232,0,,0,1,1,"beach,playa,platja"
108,2,Lérida,86,6,Congost De Mont-rebei,Congost De Mont-rebei,/congost_de_mont-rebei,,"Congost de Mont-rebei is a staggering mountain gorge with a spectacular green lake, popular with hikers and kayakers",8,1,8,16,1,4,0,10,0,0,1,1,1,1,8,1,-1,1,42.1143789,0.579118,0,,0,1,1,"excursion,outdoor,kayak,hiking,walking"
109,2,Barcelona,86,6,"3 Countries, 1 Day","3 Countries, 1 Day",/3_countries_1_day,"Spain, Andorra, France",,8,4,8,16,1,4,0,0,0,1,1,0,1,0,1,0,-1,0,42.548298,1.602617,0,,0,1,1,
110,2,Barcelona,74,7,Museu de Ciències Naturals de Barcelona,Natural History Museum,/natural_history_museum,The Museum is closed on Mondays,"A museum of natural history and sciences at the bottom of Avenida Diagonal. The building is a curious triangular shape, covered in a scaley appearance",4,1,2,1,4,4,0,1,0,0,0,1,1,1,2,1,1,1,41.410906,2.220847,0,https://museuciencies.cat/,0,1,1,"museu,museo,museum"
111,2,Barcelona,17,9,Casa Milà (La Pedrera),La Pedrera Casa Mila,/la_pedrera_casa_mila,,"An Antonio Gaudi Catalan art nouveau building with an unusual facade, home to occasional exhibitions and concerts",4,1,2,4,2,2,0,0,0,0,0,1,1,1,1,1,1,1,41.395221,2.161677,0,https://www.lapedrera.com/en,159,1,1,
112,2,Barcelona,13,5,Plaça del Fossar de les Moreres,Plaza del Fossar de les Moreres,/plaza_del_fossar_de_les_moreres,,"A well-trodden plaza situated to the east of the Basilica of Santa Maria del Mar church, leading onto Passeig del Born, surrounded by Gothic buildings and bars and restaurants",1,1,1,1,2,4,0,0,0,0,0,1,1,1,1,1,1,1,41.38378,2.182402,0,,0,1,1,"plaça,placa,plaza,square"
113,2,Barcelona,11,7,Museu Marítim de Barcelona,Museu Maritim de Barcelona,/museu_maritim_de_barcelona,,"The maritime museum of Barcelona, situated at the bottom of Las Ramblas, home to a large collection of medieval ships and boats, housed in the former shipyards of Drassane",4,1,2,4,2,4,0,0,0,0,0,1,1,1,1,1,1,1,41.375234,2.175927,0,http://www.mmb.cat,0,1,1,"museu,museo,museum"
114,2,Barcelona,26,3,Poble Espanyol,Poble Espanyol,/poble_espanyol,"The area is open most days until very late, check the website for more details",Home to over 100 full-scale buildings which resemble old Spanish villages. Poble Espanyol is a short walk away from Plaza España on Montjuic,4,1,2,4,2,4,0,30,0,0,0,1,1,1,1,1,1,1,41.368832,2.148268,0,http://www.poble-espanyol.com,0,1,1,
115,2,Barcelona,26,9,Palau Nacional,Palau Nacional,/palau_nacional,,The Palau Nacional (National Palace) is a grand and magnificent Spanish Renaissance-inspired building on the hill of Montjuic. It was the main site of the 1929 International Exhibition and now houses the National Art Museum of Catalonia,2,1,2,1,4,4,1,25,0,0,0,1,1,1,1,1,1,1,41.368745,2.15342,0,,74,1,1,
116,2,Barcelona,11,10,Drassanes Flea Market,Drassanes Flea Market,/drassanes_flea_market,Usually takes place on the second sunday of each month,"One of Barcelona's largest open-air second-hand markets, close to Las Ramblas and Drassanes metro station",2,1,1,1,2,4,0,0,0,1,0,0,1,1,1,1,1,1,41.375445,2.174805,0,https://fleamarketbcn.com,0,1,1,
117,2,Barcelona,11,10,Raval Flea Market,Raval Flea Market,/raval_flea_market,,"A big second-hand flea market in Raval, just off La Rambla de Raval with hundred of market sellers",2,1,1,1,2,4,0,0,0,1,0,0,0,1,1,1,1,1,41.378825,2.17078,0,https://fleamarketbcn.com,0,1,1,
118,2,Barcelona,79,10,Rambla del Poble Nou,Rambla del Poble Nou,/rambla_del_poble_nou,,"A major pedestrian thoroughfare slicing the neighbourhood of Poblenou into two and connecting Avenida Diagonal with the sea, home to hundred of shops, bars and restaurants",2,4,2,1,4,4,0,15,0,0,0,1,1,1,1,1,1,1,41.402886,2.198811,0,,0,1,1,
119,2,Barcelona,12,9,The Cathedral of Barcelona,The Cathedral,/the_cathedral,"Visiting hours available and seasonal, check the website for specific details","The Cathedral, formally known as The Cathedral of the Holy Cross and Saint Eulalia is a prominent Gothic cathedral and seat of the Archbishop of Barcelona, Spain. The cathedral as seen now was constructed between the thirteenth and fifteenth centuries, with the principal work completed in the fourteenth century.",1,4,1,1,2,4,1,90,0,0,0,1,1,1,1,1,1,1,41.383963,2.176199,0,https://catedralbcn.org/,0,1,1,"barcelona cathedral,cathedral,catedral"
120,2,Barcelona,11,2,Barcelo Raval Rooftop Bar,Barcelo Raval Rooftop Bar,/barcelo_raval_rooftop_bar,,"A rooftop bar in the Hotel Barceló Raval, situated on La Rambla de Raval",1,2,2,1,1,1,0,0,0,0,0,1,1,1,1,0,1,1,41.379025,2.169597,0,,0,1,1,
121,2,Barcelona,75,11,Parc del Clot,Park Del Clot,/park_del_clot,,"The park of the neighbourhood of El Clot, one of the oldest districts dating back to medieval times. Ancient walls are preserved and can be seen around the perimeter of the park",1,1,2,1,2,2,0,0,0,0,0,1,1,1,1,1,1,1,41.408007,2.190282,0,,0,1,1,parc
122,2,Barcelona,78,9,Agbar Tower (Torre Glòries),Agbar Tower,/agbar_tower,,"An iconic 38-storey tower building (not too disimilar to St Mary Axe - The Gherkin, London) completed in 2004",1,4,2,1,2,2,0,1,0,0,0,1,1,1,1,1,1,1,41.403416,2.18959,0,,0,1,1,
123,2,Barcelona,18,10,Mercat Fira de Bellcaire Els Encants,Encants Market,/encants_market,,"A huge indoor market hall near to Glories tram and metro stops, featuring hundreds of stalls and market units",4,1,2,1,2,4,0,4,0,0,0,0,0,1,1,1,1,1,41.400968,2.186165,0,,0,1,1,"encants,encants market,market,mercado"
124,2,Barcelona,86,12,Port Aventura Aquatic Park,Port Aventura Aquatic Park,/port_aventura_aquatic_park,,"A popular family aquatic park next to Port Aventura theme park, operating in the summer season and suitable for all ages",8,1,8,8,2,4,0,0,0,1,0,1,1,1,1,1,-1,1,41.08735,1.154083,0,,0,1,0,parc
125,2,Barcelona,12,9,The Gothic Quarter Medieval Architecture,The Gothic Quarter Medieval Architecture,/the_gothic_quarter_medieval_architecture,,Barcelona's Gothic Quarter boasts some outstanding and original medieval architecture and this is best seen on foot,4,4,1,1,2,4,1,85,0,0,0,1,1,0,1,1,1,0,41.382322,2.174039,0,,119,1,1,
126,2,Barcelona,48,11,Parc del Laberint d'Horta,Parc del Laberint d'Horta,/parc_del_laberint_dhorta,"The park is set a little outside of Barcelona, but accessible by public transport",A park in Horta with its own labyrinth inside and views of Barcelona from up high,4,1,2,1,2,4,0,1,0,0,0,1,1,1,1,1,1,1,41.440242,2.1458,0,,0,1,0,park
127,2,Barcelona,12,11,Port Vell,Port Vell,/port_vell,,"A picturesque and scenic harbour-front destination, good for a stroll, featuring shops, restaurants & bars and of course, many boats and yachts",4,4,1,1,2,4,1,0,0,0,0,1,1,1,1,1,1,1,41.377071,2.183511,0,,0,1,1,
128,2,Barcelona,26,11,Anella Olímpica de Montjuïc,Anella Olimpica de Montjuic,/anella_olimpica_de_montjuic,,"The Anella Olímpica (or Olympic Ring) is the Olympic Park situated on Montjuic hill. It was the main site for the 1992 Barcelona Summer Olympics. It encapsulates the Olympic Stadium (Estadi Olímpic Lluís Companys), the Palau Sant Jordi sports hall, the National Physical Education Institute (INEFC) and the Picornell swimming pools. Also the telecommunications tower and The Joan Antoni Samarach Olympic and Sports Museum are also located within the Olympic Ring",4,1,2,1,2,4,0,3,0,0,0,1,1,1,1,1,1,1,41.364882,2.151182,0,,294,1,1,
129,2,Barcelona,33,11,Carretera de les Aigües,Carretera de les Aigues,/carretera_de_les_aigues,"The path marks the boundary between Vallvidrera, el Tibidabo i les Planes and the neighbourhoods of Sarrià and Sant Gervai","A stoney dirt track travelling along the contours of Mount Tibidabo near the top. From the path, there you will find cyclists, dog walkers, runners, walkers and a number of miradors offering exceptional views of the city of Barcelona",8,1,4,1,2,2,0,0,0,0,0,1,1,0,1,1,1,0,41.412452,2.11938,0,,0,1,1,
130,2,Barcelona,85,4,Festa de la Mercé (La Mercè),The Merce Festival,/the_merce_festival,Occurs in August each year,La Mercè is the annual festival of the city of Barcelona and has been an official city holiday since 1871. The festival observes the Roman Catholic feast day of Our Lady of Mercy,16,8,2,1,4,4,1,3,1,1,0,0,1,0,1,1,1,0,41.383991,2.178747,0,,0,1,1,"festival,fiesta"
131,2,Barcelona,79,4,Festa Major del Poble Nou,Fiesta Mayor del Poble Nou,/fiesta_mayor_del_poble_nou,,The festival of the neighbourhood of Poblenou,16,8,2,1,2,4,1,0,1,1,0,0,1,0,1,1,1,1,41.399844,2.202868,0,,0,1,1,"festival,fiesta"
132,2,Barcelona,75,4,Festa Major del Clot,Fiesta Mayor del Clot,/fiesta_mayor_del_clot,The festival occurs around the end of October or the start of November,,16,8,2,1,2,4,0,0,1,1,0,0,1,0,1,0,1,0,41.410553,2.182853,0,,0,1,1,"festival,fiesta"
133,2,Barcelona,11,4,Festa Major del Raval,Fiesta Mayor del Raval,/fiesta_mayor_del_raval,,The festival of the neighbourhood of El Raval,16,8,2,1,2,4,1,0,1,1,0,0,1,0,1,1,1,0,41.378784,2.169256,0,,0,1,1,"festival,fiesta"
134,2,Barcelona,14,4,Festa Major de la Barceloneta,Fiesta Mayor de la Barceloneta,/fiesta_mayor_de_la_barceloneta,The festival usually occurs at the end of September each year,The festival of the neighbourhood of Barceloneta,16,8,2,1,2,4,1,0,1,1,0,0,1,0,1,1,1,0,41.379918,2.189406,0,http://lameva.barcelona.cat/culturapopular/es/fiestas-y-tradiciones/fiesta-mayor-de-la-barceloneta,0,1,0,"festival,fiesta"
135,2,Barcelona,26,8,Plaça de Carlos Ibáñez Mirador,Mirador And Placa de Carlos Ibanez,/mirador_and_placa_de_carlos_ibanez,"It is possible to walk up to the viewpoint through Poble Sec, or take the funicular from Parallel and walk down the road",A viewpoint offering extensive views over Barcelona from the south across Poble Sec,4,1,2,1,2,2,0,0,0,0,0,1,1,1,1,1,1,1,41.370777,2.170153,0,,77,1,1,"plaça,placa,plaza,square"
136,2,Barcelona,26,7,Fundació Joan Miró,Joan Miro Foundation,/joan_miro_foundation,The museum is closed on a Monday,"A contemporary art museum of modern art honoring Joan Miró, located on the hillside of Montjuïc",4,1,2,8,2,2,1,10,0,0,0,1,1,1,1,1,1,1,41.368636,2.159853,0,,0,1,1,
137,2,Barcelona,26,11,Jardins de Laribal,Jardins de Laribal,/jardins_de_laribal,,"A peaceful public park gardens next to Joan Miro art gallery, offering nice hillside views",4,1,2,1,2,2,0,0,0,0,0,1,1,1,1,1,1,1,41.368187,2.158842,0,,136,1,1,
138,2,Barcelona,86,10,Badalona High Street,Badalona High Street,/badalona_high_street,The street is called Carrer de Mar,"The main pedestrian high street in Badalona, with shops and bar and restaurants",4,1,4,1,2,2,0,0,0,0,0,1,0,1,1,1,1,1,41.448586,2.248844,0,,0,1,1,
139,2,Barcelona,11,10,La Rambla del Raval,La Rambla del Raval,/la_rambla_del_raval,,"The central tree-lined thoroughfare in the heart of the Raval neighbourhood, offering bars, restaurants, live music, events and festivals",1,4,2,1,2,4,1,0,0,0,0,1,1,1,1,1,1,1,41.378632,2.169427,0,,0,1,1,
140,2,Barcelona,26,4,"New Years Eve Fireworks, Plaça d'Espanya","New Years Eve Fireworks, Plaza Espanya",/new_years_eve_fireworks_plaza_espanya,The fireworks show has been known to start before midnight and gets very busy so arrive early as not to be disappointed,"The end of year fireworks celebration, held between Plaza España and Palau Nacional on the 31st December",2,2,2,1,4,4,1,65,1,1,0,0,1,0,1,1,1,1,41.373081,2.150465,0,,79,1,1,"plaça,placa,plaza,square,celebrations,fireworks,nye,new year"
141,2,Barcelona,14,8,Mirador Mediterráneo,Mirador Mediterraneo,/mirador_mediterraneo,,"A fantastic seafront viewpoint looking out to the east, situated next to the Hotel-W Barcelona hotel",2,1,4,1,2,4,0,1,0,0,0,1,1,1,1,1,1,1,41.367712,2.190245,0,,0,1,1,
142,2,Barcelona,68,10,La Maquinista Shopping,La Maquinista Shopping,/la_maquinista_shopping,,A major indoor shopping centre set slightly outside of town from Barcelona,4,4,2,1,2,4,0,0,0,0,0,1,1,1,1,1,1,1,41.440853,2.198486,0,,0,1,1,
143,2,Barcelona,12,10,Carrer de Ferran Shopping,Carrer de Ferran Shopping,/carrer_de_ferran_shopping,,"A busy tourist street which slices The Gothic Quarter into two, featuring shops, bars, restaurants, churches, plazas and museums. The street connects Las Ramblas with Plaza St Jaume",4,4,2,1,2,4,1,0,0,0,0,1,1,0,1,1,1,1,41.381447,2.175569,0,,0,1,1,
144,2,Barcelona,14,11,Port Olímpic,Port Olympic,/port_olympic,The best atmosphere will be during the warm summer months,"Port Olympic is a picturesque setting and major mooring point for sailing boats, aswell as a popular spot for a good selection of bars, restaurants and clubs, by the water",4,4,2,1,2,4,1,0,0,0,0,1,1,1,1,1,1,1,41.387663,2.198985,0,,154,1,1,
145,2,Barcelona,26,9,CaixaForum Barcelona,CaixaForum Barcelona,/caixaforum_barcelona,"Seasonal opening times, check the website for more info",A former textile factory and setting for events and shows from the arts and creative industries. Check the website for the latest programme and tickets,4,1,2,4,2,4,0,1,0,0,0,1,1,1,1,1,1,1,41.37131,2.149576,0,https://caixaforum.es/barcelona/home,0,1,1,
146,2,Barcelona,26,7,El Pabellón de Barcelona,El Pabellon de Barcelona,/el_pabellon_de_barcelona,Also known as Pavelló Mies van der Rohe,A reconstructed pavilion from the 1930's hosting a variety of architectural lectures and exhibitions,1,1,2,4,2,2,0,1,0,0,0,1,1,1,2,1,1,1,41.370612,2.150164,0,http://miesbcn.com/,0,1,1,
147,2,Barcelona,26,4,Font Màgica de Montjuïc,Magic Fountain of Montjuic,/magic_fountain_of_montjuic,,"A grand circular fountain well-known for playing host to a choreographed water and light show, usually on Friday night at 9pm",2,2,1,1,2,4,1,0,0,0,0,0,0,1,1,1,1,1,41.371163,2.151741,0,,0,1,1,
148,2,Barcelona,26,3,Telefèric de Montjuïc,Montjuic Cable Car (To Castle),/montjuic_cable_car_to_castle,It is possible to walk the journey of the cable car through the park. The walk is fairly easy and takes approximately 20-30 minutes. The cable car does not connect directly with the cable car from Barceloneta,"A cable car station offering aerial trips up Montjuic to the Castle of Montjuic, often seen as the second stage to scaling Montjuic and reaching the castle. The cable car can be taken as a single or return journey and connects directly with the Funicular from Parallel",4,1,2,8,2,4,1,13,0,0,0,1,1,1,1,1,1,1,41.368727,2.163489,0,https://www.telefericdemontjuic.cat/en,72,1,1,
149,2,Barcelona,26,11,Jardí Botànic de Barcelona,Botanical Gardens of Barcelona,/botanical_gardens_of_barcelona,,"Botanical gardens and landscape situated on Montjuic, featuring flora and fauna chosen to thrive in a Mediterranean climate",4,1,4,2,2,4,0,0,0,0,0,1,1,1,1,1,1,1,41.362078,2.157692,0,,0,1,1,
150,2,Barcelona,31,11,Jardines de Pedralbes,Jardines de Pedralbes,/jardines_de_pedralbes,Check website for opening and event times,"The gardens to a 1900s palace, once home to the Spanish royal family, now housing two museums for design and ceramics exhibits",4,1,2,1,2,4,0,0,0,0,0,1,1,1,1,1,1,1,41.388016,2.117357,0,https://www.festivalpedralbes.com/,0,1,0,
151,2,Barcelona,12,2,El Bosc de les Fades,El Bosc de les Fades,/el_bosc_de_les_fades,,"A curious forest-themed bar tucked away in El Gotico neighbourhood, but within a stone's throw from Las Ramblas",1,1,2,1,2,4,0,0,0,0,0,1,1,1,1,0,1,1,41.377146,2.177466,0,,0,1,0,
152,2,Barcelona,13,4,Flamenco Show @ Palau Dalmases,Flamenco Show at Palau Dalmases,/flamenco_show_at_palau_dalmases,,A flamenco show in the heart of the El Born neighbourhood of central Barcelona,4,2,2,16,2,2,0,5,0,0,0,1,1,1,1,1,1,1,41.384549,2.181296,0,https://palaudalmases.com/es/,0,1,1,
153,2,Barcelona,74,4,Primavera Sound Festival,Primavera Sound Festival,/primavera_sound_festival,The music festival takes place between the end of May and beginning of June each year,"A music festival which takes place in Port del Forum and also Porto in Portugal. The music genres covered include (but are not limited to) pop, rock, dance and electronic music",16,8,2,8,2,4,1,30,1,1,0,0,0,0,8,1,1,1,41.41069,2.226351,0,https://www.primaverasound.com/,68,1,0,"festival,fiesta"
154,2,Barcelona,83,3,Port Olimpic @ Night,Port Olimpic at Night,/port_olimpic_at_night,,"A walk around Port Olympic in the evening offers a wide selection of clubs, bars and restaurants, which are usually open most of the day, too",4,2,2,1,2,4,0,0,0,0,0,1,1,1,1,1,1,1,41.387663,2.198985,0,,144,1,1,
155,2,Barcelona,13,7,Museu de la Xocolata,Barcelona Chocolate Museum,/barcelona_chocolate_museum,Check the website for booking at tours. The opening times vary for Sundays and public holidays,The Chocolate Museum is located in the former Sant Agustí monastery. It provides a journey through the origins of chocolate and its arrival into Europe as well as its medicinal properties and nutritional value,4,1,1,4,2,4,0,1,0,0,0,1,1,1,1,1,1,1,41.387055,2.181762,0,http://www.museuxocolata.cat/?lang=en,0,1,1,"museu,museo,museum"
156,2,Barcelona,12,7,"The Hash, Marijuana and Hemp Museum","The Hash, Marijuana and Hemp Museum",/the_hash_marijuana_and_hemp_museum,Check the website for booking at tours. The museum is open everyday but the opening times are reduced on public holidays,"The museum is the oldest and most important museum in the world dedicated to cannabis sativa, aka hemp or marijuana. The museum exhibits a unique collection that encompasses all aspects of cannabis",1,1,2,4,1,2,0,0,0,0,0,1,1,1,1,1,1,1,41.380785,2.180172,0,http://hashmuseum.com/,0,1,1,"museu,museo,museum"
157,2,Barcelona,26,9,Cementiri de Montjuïc,Montjuic Cemetery,/montjuic_cemetery,,"The cemetery was opened on 17tth March 1883 by the city of Barcelona as its main cemetery, supplanting the older cemetery at Poblenou in the east. It now contains over one million burials and cremation ashes in 150,000 plots, niches and mausolea",2,1,4,1,2,2,0,0,0,0,0,1,1,1,1,1,1,1,41.352555,2.153655,0,https://www.cbsa.cat/cementiris/cementiri-montjuic/,0,1,1,"montjuic,montjuïc,cemetery"
158,2,Barcelona,12,12,Bike Around The City,Bike Around The City,/bike_around_the_city,,"A popular tourist attraction in Barcelona, with many bike shops renting bikes by the day at reasonable prices",8,1,4,4,2,4,0,0,0,0,1,1,1,0,1,1,1,1,41.382669,2.177071,0,,37,1,1,"cycling,cycle,outdoor"
159,2,Barcelona,17,9,Casa Batlló,Casa Batllo,/casa_batllo,"Also known as the house of bones. The place is open 365 days a year, according to the website",Casa Batllo house stands proud of place on Passeig de Gracia. The house was redesigned in 1904 by Guadi himself and is considered to be one of his masterpieces,4,1,2,4,2,4,1,6,0,0,0,1,1,1,2,1,1,1,41.39164,2.164772,0,https://www.casabatllo.es/en/,111,1,1,"gaudi,architecture"
160,4,Valencia,86,4,Las Fallas de Valencia,Las Fallas de Valencia,/las_fallas_de_valencia,,"An annual Valencian festival in Valencia, celebrated by the whole town with a vast array of vibrant street entertainment",16,8,16,16,2,4,1,0,1,0,2,0,1,0,1,0,-1,0,39.469919,-0.376283,0,,105,1,1,
161,2,Barcelona,12,9,Passeig de Colom,Passeig de Colom,/passeig_de_colom,,"A popular port-side waterfront walkway connecting the Colombus column at the Port of Barcelona to Barceloneta. The thoroughfare is great for a stroll, cycle, run or skate and requires no explanation. It is situated at the bottom of the Gothic Quarter",2,4,1,1,4,4,1,1,0,0,0,1,1,1,1,1,1,1,41.376297,2.178356,0,,0,1,1,
162,2,Barcelona,17,9,Casa Lleó Morera,Casa Lleo Morera,/casa_lleo_morera,,"An elaborate family home in Eixample, built by Domènech i Montaner in the early 1900s in the Modernisme style",4,1,2,1,2,2,0,0,0,0,0,1,1,1,1,1,1,1,41.3912411,2.1633143,0,http://www.casalleomorera.com/,0,1,1,
163,2,Barcelona,17,7,Casa Museu Amatller,Casa Museu Amatller,/casa_museu_amatller,,"A modernista house fusing Catalan and Flemish styles, decorated with quirky animal sculptures, situated on Passeig de Gràcia",4,1,2,8,2,2,1,0,0,0,0,1,1,1,8,1,1,1,41.3914803,2.1627926,0,http://amatller.org/,0,1,1,"museu,museo,museum"
164,2,Barcelona,38,9,Casa de les Punxes,Casa de les Punxes,/casa_de_les_punxes,,Early 1900s modernist mansion house by the famous local Catalan architect Josep Puig i Cadafalch,4,1,2,16,2,2,0,0,0,0,0,1,1,1,8,1,1,1,41.397912,2.16391,0,https://casadelespunxes.com/,0,1,0,
165,2,Barcelona,38,7,Casa Vicens Gaudí,Casa Vicens Gaudi,/casa_vicens_gaudi,,"A grand 4-floor house designed by Antoni Gaudi, with Moorish influences and a protruding corner tower, situated in the Gracia neighbourhood",4,1,2,8,2,2,1,0,0,0,0,1,1,1,8,1,1,1,41.4035,2.150647,0,https://casavicens.org/,0,1,1,"gaudi,gaudí"
166,2,Barcelona,40,7,Gaudí Experiència,Gaudi Experience,/gaudi_experience,,"A museum focusing on the Spanish modernist architect, Antoni Gaudi, with exhibits and an interactive 4-D movie, situated near to Park Guëll",4,1,2,4,2,4,1,0,0,0,0,1,1,1,8,1,1,1,41.412487,2.153667,0,https://www.gaudiexperiencia.com/,0,1,1,"gaudi,gaudí"
167,2,Barcelona,26,7,Pavelló Mies van der Rohe,CHANGE,/change,,,1,1,2,4,2,2,0,0,0,0,0,1,1,1,2,0,1,1,0,0,0,,0,1,1,
168,2,Barcelona,31,9,Pavellons Güell,Pavellons Guell,/pavellons_guell,,"Built between 1884 and 1887 by the Catalan Modernist architect Antoni Gaudí, the Güell Pavilions is a complex of buildings in the neighborhood of Pedralbes in Barcelona",2,1,4,1,2,2,0,0,0,0,0,1,1,1,1,1,1,1,41.389406,2.11942,0,,0,1,0,
169,2,Barcelona,44,7,Sant Pau Recinte Modernista,Sant Pau Recinte Modernista,/sant_pau_recinte_modernista,,"A huge art nouveau complex & former hospital with mosaics, stained glass & gardens.",2,1,2,16,2,2,0,0,0,0,0,1,1,1,8,1,1,1,41.411843,2.174405,0,https://www.santpaubarcelona.org/,0,1,1,
170,2,Barcelona,34,9,Torre Bellesguard Antoni Gaudí,Torre Bellesguard Antoni Gaudi,/torre_bellesguard_antoni_gaudi,,"Early 1900s neo-Gothic home and spire designed by Antoni Gaudí, with audio and docent-led tours.",4,1,2,8,2,2,0,0,0,0,0,1,1,1,8,1,1,1,41.409594,2.126838,0,https://bellesguardgaudi.com/,0,1,1,"gaudi,gaudí"
171,2,Barcelona,34,7,CosmoCaixa Barcelona,CosmoCaixa Barcelona,/cosmocaixa_barcelona,,Modernist building housing a science museum with a planetarium and a real living Amazonian rainforest,4,1,2,4,8,4,1,0,0,0,0,1,1,1,2,1,1,1,41.412978,2.131553,0,https://cosmocaixa.es/,0,1,1,
172,2,Barcelona,30,7,Museu del Futbol Club Barcelona,Camp Nou Experience,/camp_nou_experience,,"Follow in the footsteps of world-class stars and experience the stadium like a football player. Get a behind-the-scenes look at Camp Nou, which has been the home to FC Barcelona since 1957",4,1,2,16,4,4,0,0,0,0,0,1,1,1,8,1,1,1,41.380268,2.120907,0,https://www.fcbarcelona.com/tour/buy-tickets,48,1,0,"museo,museum,museu"
173,2,Barcelona,12,7,Museu Eròtic de Barcelona,Barcelona Erotic Museum,/barcelona_erotic_museum,,"A museum in the El Gotico neighbourhood featuring exhibitions on erotica from ancient times to today, including the Kama Sutra and erotic art",1,4,1,4,1,1,0,0,0,0,0,1,1,1,2,1,1,1,41.382233,2.172581,0,http://www.erotica-museum.com/,0,1,0,"museu,museo,museum"
174,2,Barcelona,12,7,Gaudí Exhibition Center (Museu Diocesà),Gaudi Exhibition Center - Museu Diocesa,/gaudi_exhibition_center_-_museu_diocesa,,"A museum dedicated to the architecture of Antoni Gaudí, in a 15th-16th-century building, located near to The Cathedral",2,1,1,8,2,4,0,0,0,0,0,1,1,1,2,1,1,1,41.384536,2.176134,0,,0,1,0,"museu,museo,museum,gaudi,gaudí"
175,2,Barcelona,17,7,Museu Egipci de Barcelona,Museum of Egyptian Culture Barcelona,/museum_of_egyptian_culture_barcelona,,"A museum of ancient Egyptian artifacts such as jewellery, sarcophaguses and artwork",4,1,2,8,2,4,0,0,0,0,0,1,1,1,2,1,1,1,41.393626,2.164735,0,http://www.museuegipci.com/,0,1,0,"museu,museo,museum"
176,2,Barcelona,26,7,Museu Etnològic de Barcelona,Museu Etnologic de Barcelona,/museu_etnologic_de_barcelona,The museum is closed on Mondays,"A museum which showcases various exhibits, showing aspects from Catalan culture including the traditions and craftsmanship over the ages",4,1,4,2,2,4,0,0,0,0,0,1,1,1,2,1,1,1,41.368778,2.156306,0,http://ajuntament.barcelona.cat/museuetnologic/,177,1,0,"museu,museo,museum"
177,2,Barcelona,13,7,Museu de Cultures del Món de Barcelona,Museu de Cultures del Mon de Barcelona,/museu_de_cultures_del_mon_de_barcelona,,"A museum for Ethnology and culture, showcasing human artifacts from Asia, Africa and other regions",2,1,2,2,2,4,0,0,0,0,0,1,1,1,2,1,1,1,41.385066,2.180868,0,http://ajuntament.barcelona.cat/museuetnologic/,176,1,1,"museu,museo,museum"
178,2,Barcelona,13,7,Museu Europeu d'Art Modern,Museu Europeu d'Art Modern,/museu_europeu_dart_modern,The museum is closed on Mondays,"The 'MEAM' is a museum in an 18th-century palace, which showcases 20th- to 21st-century figurative paintings and sculptures, situated in El Born",2,1,2,4,2,4,0,0,0,0,0,1,1,1,8,1,1,1,41.385047,2.18038,0,https://www.meam.es/,0,1,0,"museu,museo,museum"
179,2,Barcelona,12,7,Museu Frederic Marès,Museu Frederic Mares,/museu_frederic_mares,The museum is closed on Mondays,"A Medieval sculpture collection from Frederic Marès and other displays, in a palace with a tranquil connecting courtyard, in the heart of The Gothic Quarter",2,1,1,4,2,4,0,0,0,0,0,1,1,1,2,1,1,1,41.384201,2.176755,0,http://www.museumares.bcn.cat/,0,1,1,"museu,museo,museum"
180,2,Barcelona,12,7,MUHBA (Museu d'Història de Barcelona),MUHBA (Museum of the History of Barcelona),/muhba_museum_of_the_history_of_barcelona,The museum is closed on Mondays,"The Barcelona City History Museum (MUHBA) or 'Museu d'Història de Barcelona' in Catalan, is a city museum that conserves, researches, communicates and exhibits the historical heritage of the city of Barcelona from its origins in Roman times up to the present day. It is funded by the Barcelona municipality and the museum's headquarters are located on Plaça del Rei",2,1,1,4,2,4,1,0,0,0,0,1,1,1,2,1,1,1,41.383908,2.177837,0,http://ajuntament.barcelona.cat/museuhistoria/ca,0,1,0,"museu,museo,museum"
181,2,Barcelona,12,7,Museu de Cera de Barcelona,Barcelona Wax Museum,/barcelona_wax_museum,"Unusual opening times, check before you arrive","A museum of wax, showcasing waxwork figures from history, celebrities and cultural characters, with an adjoining cafe bar, in a fantasy forest theme",2,1,1,8,4,4,1,1,0,0,0,1,1,1,8,1,1,1,41.377121,2.176996,0,http://www.museocerabcn.com/,0,1,1,"museu,museo,museum"
182,2,Barcelona,78,7,Museu del Disseny de Barcelona,The Design Museum of Barcelona,/the_design_museum_of_barcelona,The museum is closed on Mondays,"The Barcelona Design Museum houses collections and exhibitions, for subjects such as product design, advertising, visual communication, fashion, furniture design and photography, to name but a few",4,1,2,4,2,4,0,0,0,0,0,1,1,1,2,1,1,1,41.402457,2.188099,0,http://ajuntament.barcelona.cat/museudeldisseny/,0,1,1,"museu,museo,museum"
183,2,Barcelona,26,7,Museu Olímpic i de l'Esport,Museum of Olympic Sport History,/museum_of_olympic_sport_history,The museum is closed on Mondays,"A museum housing interactive screens, memorabilia and recordings from sporting history and sporting events, situated behind the Olympic Stadium, relative to the 'Anella Olimpica'",4,1,4,2,2,4,0,0,0,0,0,1,1,1,2,1,1,1,41.36629,2.157506,0,http://www.museuolimpicbcn.cat/,0,1,1,"museu,museo,museum"
184,2,Barcelona,31,7,Reial Monestir Santa Maria de Pedralbes,Monasterio de Pedralbes,/monasterio_de_pedralbes,The museum is closed on Mondays,"The Monastery of Pedralbes is a large Gothic monastery in Barcelona, now functioning as a museum, which houses collections from the Barcelona City History Museum. It is located in the Sarria - Sant Gervasi district of Barcelona",4,1,4,2,2,2,0,0,0,1,0,1,1,1,2,1,1,1,41.395341,2.11207,0,http://monestirpedralbes.bcn.cat/en/,0,1,1,
185,2,Barcelona,12,3,Barcelona Barri Gòtic Night Tour,Barcelona El Gotico Night Tour,/barcelona_el_gotico_night_tour,,An evening walking tour around the El Gotico neighbourhood of Barcelona. Various tour guides operate these official tours,4,2,1,4,2,4,0,0,0,0,0,1,1,0,1,0,1,1,41.382336,2.174223,0,,19,1,1,
186,2,Barcelona,37,8,Tibidabo Panoràmic,Tibidabo Panoramic View,/tibidabo_panoramic_view,,"The panoramic view from mount Tibidabo offers some un-rivalled, staggering views out over Barcelona. The viewpoint is popular with tourists visiting the theme park and the church on top of the mountain",4,1,4,2,4,4,0,5,0,0,1,1,1,1,1,1,1,1,41.421212,2.119511,0,,187,1,1,
187,2,Barcelona,37,6,Funicular del Tibidabo,Funicular del Tibidabo,/funicular_del_tibidabo,,"A cable railway (funicular) which connects the upper Tibidabo tram stop with mount Tibidabo. Used mainly by tourists, the railway ascends steeply allowing easy access to the Tibidabo theme park, church and viewpoints",4,1,4,4,4,4,0,0,0,0,1,1,1,1,2,1,1,1,41.41639,2.131241,0,,186,1,1,
188,2,Barcelona,86,6,Illa Fantasia Aquatic Park,Illa Fantasia Aquatic Park,/illa_fantasia_aquatic_park,,"A water park and aqua complex for all ages, featuring a wave pool, water games, water rapids and a pirate-themed maze, situated just outside of Barcelona",8,1,8,8,4,4,0,0,0,1,1,1,1,1,4,1,-2,1,41.503569,2.363189,0,http://www.illafantasia.com/,0,1,0,parc
189,11,Pyrenees,86,6,Valles de Ansó y Hecho,Valles de Anso y Hecho,/valles_de_anso_y_hecho,,,8,1,16,32,2,2,0,0,0,1,2,1,1,1,1,0,-2,0,0,0,0,,0,1,0,
190,11,Pyrenees,86,6,Peña Montañesa,Pena Montanesa,/pena_montanesa,,,8,1,16,32,2,2,0,0,0,1,2,1,1,1,1,0,-2,0,0,0,0,,0,1,0,
191,11,Pyrenees,86,6,Vall de Barravés Ribagorça,Vall de Barraves Ribagorca,/vall_de_barraves_ribagorca,,,8,1,16,32,2,2,0,0,0,1,2,1,1,1,1,0,-2,0,0,0,0,,0,1,0,
192,11,Pyrenees,86,6,Vignemale Valle de Bujaruelo,Vignemale Valle de Bujaruelo,/vignemale_valle_de_bujaruelo,,,8,1,16,32,2,2,0,0,0,1,2,1,1,1,1,0,-2,0,0,0,0,,0,1,0,
193,1,Sierra Nevada National Park,86,6,Sierra Nevada / La Alpujarra,Sierra Nevada La Alpujarra,/sierra_nevada_la_alpujarra,,,8,1,16,32,2,2,0,0,0,1,2,1,1,1,1,0,-2,0,0,0,0,,0,1,0,
194,11,Pyrenees,86,6,Pica d'Estats Mont-roig,Pica d'Estats Mont-roig,/pica_destats_mont-roig,,,8,1,16,32,2,2,0,0,0,1,2,1,1,1,1,0,-2,0,0,0,0,,0,1,0,
195,2,Girona,86,6,Alta Garrotxa,Alta Garrotxa,/alta_garrotxa,,,8,1,16,32,2,2,0,0,0,1,2,1,1,1,1,0,-2,0,0,0,0,,0,1,0,
196,2,Barcelona,86,6,"Muntanya d'Alinya (Serra d'Aubenç, Serra de Turp)",Muntanya de Alinya,/muntanya_de_alinya,,,8,1,16,32,2,2,0,0,0,1,2,1,1,1,1,0,-2,0,0,0,0,,0,1,0,
197,2,Pyrenees,86,6,Sant Llorenç del Munt i l'Obac,Sant Llorenc del Munt i l'Obac,/sant_llorenc_del_munt_i_lobac,,,8,1,16,32,2,2,0,0,0,1,2,1,1,1,1,0,-2,0,0,0,0,,0,1,0,
198,2,Pyrenees,86,6,Montseny Parc Natural,Montseny Parc Natural,/montseny_parc_natural,,,8,1,16,32,2,2,0,0,0,1,2,1,1,1,1,0,-2,1,41.783811,2.385882,0,,0,1,0,park
199,2,Pyrenees,86,6,Vall Fosca Montsent de Pallars,Vall Fosca Montsent de Pallars,/vall_fosca_montsent_de_pallars,,,8,1,16,32,1,2,0,0,0,1,2,1,1,1,1,0,-2,1,42.490003,1.024445,0,,0,1,0,
200,2,Tarragona,86,6,El Montmell,El Montmell,/el_montmell,,,8,1,16,32,2,2,0,0,0,0,2,1,1,1,1,0,-2,1,41.315617,1.453599,0,,0,1,0,
201,2,Barcelona,86,6,Serra d'Ordal,Serra d'Ordal,/serra_dordal,,,8,1,16,32,2,2,0,0,0,0,2,1,1,1,1,0,-2,1,41.411037,1.863111,0,,0,1,0,
202,2,Barcelona,77,1,Platja de Llevant,Playa de Llevant,/playa_de_llevant,,A Barcelona beach in between Mar Bella beach and Parc del Forum,2,1,2,1,4,2,0,0,0,0,0,1,1,1,1,1,1,1,41.404333,2.217945,0,,0,1,1,"beach,playa,platja"
203,2,Barcelona,86,1,Platja Forum,Playa Forum,/playa_forum,,A beach near to Parc del Forum,2,1,2,1,4,4,0,0,0,0,0,1,1,1,1,1,1,1,41.416566,2.231316,0,,0,1,1,"beach,playa,platja"
204,2,Barcelona,86,1,Platja de Sant Adrià De Besòs,Playa de Sant Adria De Besos,/playa_de_sant_adria_de_besos,,A beach on the otherside of the estuary near to Sant Adria de Besos,2,1,4,1,4,4,0,0,0,0,0,1,1,1,1,1,1,1,41.421728,2.23378,0,,0,1,1,"beach,playa,platja"
205,2,Barcelona,86,1,Platja del Litoral,Playa del Litoral,/playa_del_litoral,,A beach on the otherside of the estuary near to Sant Adria de Besos,2,1,4,1,4,4,0,0,0,0,0,1,1,1,1,0,1,1,41.420855,2.233438,0,,0,1,1,"beach,playa,platja"
206,2,Barcelona,86,1,Platja de la Mora,Playa de la Mora,/playa_de_la_mora,,"A beach just to the south of the main Badalona beachfront, with an upcoming beach bar culture and trendy bar/restaurants to hand",2,1,4,1,4,4,0,0,0,0,0,1,1,1,1,1,1,1,41.427571,2.237769,0,,0,1,1,"beach,playa,platja"
207,2,Barcelona,86,1,Platja del Pont de Petroli,Playa del Pont de Petroli,/playa_del_pont_de_petroli,,"A beach near to Badalona and Badalona Promenade, which proves to be popular with the locals",2,1,4,1,4,4,0,0,0,0,0,1,1,1,1,1,1,1,41.440563,2.246014,0,,0,1,1,"beach,playa,platja"
208,2,Barcelona,86,1,Platja de los Pescadores (Badalona Beach),Playa de los Pescadores (Badalona Beach),/playa_de_los_pescadores_badalona_beach,,One of the main beaches at Badalona and more quieter than the beaches in Barcelona,2,1,4,1,4,4,0,0,0,0,0,1,1,1,1,1,1,1,41.448464,2.253032,0,http://badalona.cat/portalWeb/badalona.portal?_nfpb=true&_pageLabel=detall_directori&_id=1096#wlp_detall_directori,0,1,1,"beach,playa,platja"
209,2,Barcelona,86,1,Platja del Cristall (Badalona Beach),Playa del Cristall (Badalona Beach),/playa_del_cristall_badalona_beach,,"On of the final beaches north-east up the coast at Badalona, before you reach Montgat and Montgat north",2,1,4,1,4,4,0,0,0,0,0,1,1,1,1,1,1,1,41.454784,2.260495,0,,0,1,1,"beach,playa,platja"
210,2,Barcelona,86,1,Platja de la Barca Maria,Playa de la Barca Maria,/playa_de_la_barca_maria,,"On of the final beaches north-east up the coast at Badalona, before you reach Montgat and Montgat north leading on from Platja del Cristal",2,1,4,1,4,4,0,0,0,0,0,1,1,1,1,1,1,1,41.459196,2.26658,0,http://badalona.cat/portalWeb/badalona.portal?_nfpb=true&_pageLabel=contingut_estatic&dDocName=AJB014661#wlp_contingut_estatic,0,1,1,"beach,playa,platja"
211,2,Barcelona,86,1,Platja de Montgat (Platja de les Moreres),Playa de Montgat (Playa de les Moreres),/playa_de_montgat_playa_de_les_moreres,,"A small, popular beach for locallers near to Montgat train station, just down the coast from the main beach at Montgat north",2,1,4,1,4,4,0,0,0,0,1,1,1,1,1,1,1,1,41.464748,2.277426,0,http://www.montgat.cat/el-municipi/guia-del-municipi/platges-de-montgat/platja-de-les-moreres.html,0,1,1,"beach,playa,platja"
212,2,Barcelona,86,1,Platja de Montgat Nord,Playa de Montgat Nord,/playa_de_montgat_nord,,"A beach situated just to the north of Montgat, popular with local people and tourists alike, particularly in the summer months",2,1,4,1,4,4,0,0,0,0,1,1,1,1,1,1,1,1,41.468514,2.286961,0,,0,1,1,"beach,playa,platja"
213,2,Barcelona,86,1,Platja Castelldefels,Playa Castelldefels,/playa_castelldefels,,"A long beach near to the Castelldefels train station, to the east of the airport",2,1,4,1,4,4,0,0,0,0,1,1,1,1,1,1,1,1,41.264296,1.981366,0,http://platjadecastelldefels.org/,0,1,1,"beach,playa,platja"
214,2,Barcelona,86,1,Platja de les Botigues de Sitges,Playa de los Botigues de Sitges,/playa_de_los_botigues_de_sitges,,"The last beach running east along the coast at Castelldefels, in between the marina and Castelldefels beach",2,1,8,1,4,4,0,0,0,0,1,1,1,1,1,1,3,1,41.26225,1.933452,0,,0,1,1,"beach,playa,platja"
215,2,Barcelona,86,1,Platja del Remolar,Playa del Remolar,/playa_del_remolar,,"A lesser-known beach immediately to the south of Barcelona Terminal 1 Airport, popular amongst locallers and dog-walkers",2,1,8,1,4,4,0,0,0,0,1,1,1,1,1,1,3,1,41.27953,2.083117,0,http://www.elprat.cat/,0,1,1,"beach,playa,platja"
216,2,Barcelona,16,11,Parc de Joan Miró,Parc de Joan Miro,/parc_de_joan_miro,,"An urban park housing palms and pines with a large sculpture in it, by artist Joan Miro, near to Plaza Espanya",2,4,4,1,4,4,0,0,0,0,0,1,1,1,1,1,1,1,41.377829,2.148096,0,,0,1,1,park
217,2,Barcelona,26,4,Fira Montjuic,Fira Montjuic,/fira_montjuic,,"A series of huge event spaces at the foot of Montjuic in the Poble Sec neighbourhood, near to Plaza Espanya. The fair houses major events all year round",1,1,2,1,4,2,0,0,0,0,0,1,1,1,2,1,1,1,41.374173,2.151254,0,https://www.firabarcelona.com/en/montjuic,0,1,1,
218,2,Barcelona,18,4,Monumental Club,Monumental Club,/monumental_club,The club is often open from 12 midday Saturday and Sunday but check their website for more details. There are usually food vans inside the venue,"Monumental Club is a relatively new musical, leisure and cultural offering in the old bullring. The club runs at the weekend and hosts live music, dj's, gastronomy and children's activities in an emblematic and unique space",2,2,2,2,1,4,0,0,0,0,0,0,1,1,2,1,1,1,41.399927,2.181285,0,https://www.monumental-club.com/,0,1,1,
219,2,Barcelona,26,10,Mercat de les Flors,Mercat de les Flors,/mercat_de_les_flors,Check the website for opening times and a detailed programme,#TODO,2,1,2,1,2,2,0,1,0,0,0,0,1,1,2,0,1,1,41.371315,2.157011,0,http://mercatflors.cat/,0,1,0,
220,2,Barcelona,26,8,Parque del Mirador del Poble Sec,Parc Mirador del Poble Sec,/parc_mirador_del_poble_sec,,"A dramatic viewpoint looking out over Poble Sec and Barcelona, on the Montjuic hillside",1,1,2,1,2,4,0,3,0,0,0,1,1,1,1,1,1,1,41.371374,2.171798,0,,77,1,1,park
221,2,Barcelona,26,11,Jardins de Joan Brossa,Jardins de Joan Brossa,/jardins_de_joan_brossa,,"A colourful and vibrant relaxing park and leafy area about halfway up Montjuic, with paths, monuments, picnic spaces, kids play areas and excellent views of the sea and out over Barcelona",2,1,2,1,2,2,0,0,0,0,0,1,1,1,2,1,1,1,41.36831,2.167449,0,https://www.barcelona.cat/es/que-hacer-en-bcn/parques-y-jardines/jardines-de-joan-brossa_99400036180.html,0,1,1,
222,2,Barcelona,26,11,Parc de Montjüic,Parc de Montjuic,/parc_de_montjuic,,An open park area on the hillside of Montjuic situated near to the Castle of Montjuic and the Mirador de l'Alcalde,2,1,2,1,4,2,0,0,0,0,0,1,1,1,1,1,1,1,41.367657,2.168683,0,,0,1,1,park
223,2,Barcelona,26,11,Jardins de Mossèn Jacinto Verdaguer,Jardins de Mossen Jacinto Verdaguer,/jardins_de_mossen_jacinto_verdaguer,,"A quaint little park just south of the Gardens of Joan Brossa set on the hill, with great view out over Barcelona",2,1,2,1,4,2,0,0,0,0,0,1,1,1,1,1,1,1,41.367358,2.165138,0,https://www.barcelona.cat/es/que-hacer-en-bcn/parques-y-jardines/jardines-de-mossen-cinto-verdaguer_92090124057.html,0,1,1,
224,2,Barcelona,26,8,Mirador de la Piscina Municipal de Montjuïc,Mirador de la Piscina Municipal de Montjuïc,/mirador_de_la_piscina_municipal_de_montjuïc,"During the summer months, swimming, diving and pool events are held in this municipal pools so access to the viewpoint is possible. There is also a small cafe inside","An incredible view of the Montjuic municipal swimming and diving pool. When the pool is open during the warmer months, one can enter and enjoy the view and a coffee from the small cafe inside",1,1,2,1,4,4,0,0,0,1,0,1,0,1,1,1,1,1,41.369074,2.165033,0,,77,1,1,
225,2,Barcelona,12,9,Església de Sant Jaume,Church of Sant Jaume,/church_of_sant_jaume,,A small church on Carrer de Ferran in the Gothic Quarter. It is possible to enter the church from the same street,1,1,1,1,2,2,0,0,0,0,0,1,0,1,1,1,1,1,41.381327,2.175484,0,,0,1,1,
226,2,Barcelona,12,7,MUHBA Temple d'August,MUHBA Temple of Augustus,/muhba_temple_of_augustus,,"A small courtyard with Roman columns from the Temple of Augustus dating back to the 1st century BCE, an ideal visit for archaeology buffs",1,1,1,4,2,4,0,0,0,0,0,1,1,1,2,1,1,1,41.383401,2.177185,0,http://ajuntament.barcelona.cat/museuhistoria/en/,0,1,1,
227,2,Barcelona,12,9,Capella de Sant Cristofol,Capella de Sant Cristofol,/capella_de_sant_cristofol,,A small chapel in the lower part of the Gothic Quarter,1,1,1,1,2,2,0,0,0,0,0,1,0,1,1,0,1,1,41.381482,2.179172,0,,0,1,0,
228,2,Barcelona,26,5,Plaça de Josep Puig i Cadafalch,Plaza de Josep Puig i Cadafalch,/plaza_de_josep_puig_i_cadafalch,,"The open plaza space to the south east of the fountain, more commonly known as the 'Magic Fountain' and next to the cascades, which lead up to Palau Nacional",1,1,2,1,4,2,1,10,0,0,0,1,1,1,1,1,1,1,41.370825,2.15198,0,,0,1,1,"plaça,placa,plaza,square"
229,2,Barcelona,12,9,Santa Maria del Pi Bell Tower,Santa Maria del Pi Bell Tower,/santa_maria_del_pi_bell_tower,,The Bell Tower of 'The Basilica of Santa Maria del Pi' can be accessed by a tour of the church. The church is situated in the heart of The Gothic Quarter and near to La Rambla,2,1,1,4,4,4,1,5,0,0,0,1,1,1,2,1,1,1,41.382291,2.173801,0,http://basilicadelpi.cat/visites/?lang=en,20,1,1,
230,2,Barcelona,19,9,Sagrada Familia Nativity Tower,Sagrada Familia Nativity Tower,/sagrada_familia_nativity_tower,,"Currently, one of the two accessible towers inside Sagrada Familia, offering tours. The nativity tower is known locally as Torre del Naixement",2,1,2,8,4,4,1,0,0,0,0,1,1,1,8,1,1,1,41.403817,2.174667,0,http://www.sagradafamilia.org/en/,47,1,1,
231,2,Barcelona,19,9,Sagrada Familia Passion Tower,Sagrada Familia Passion Tower,/sagrada_familia_passion_tower,,"Currently, one of the two accessible towers inside Sagrada Familia, offering tours. The passion tower is known locally as Torre de la Passió",2,1,2,8,4,4,1,0,0,0,0,1,1,1,8,1,1,1,41.403295,2.174079,0,http://www.sagradafamilia.org/en/,47,1,1,
232,2,Barcelona,77,12,Barcelona Cable Ski,Barcelona Cable Ski,/barcelona_cable_ski,,#TODO,8,1,8,32,1,4,0,0,0,1,1,1,1,1,8,0,1,1,41.408532,2.226036,0,https://www.bcnwake.com/,0,1,1,
233,2,Barcelona,44,11,Parc del Guinardó,Parc del Guinardo,/parc_del_guinardo,,"A large park on the hillside near to the Bunkers of Carmel, in the neighbourhood of Horta-Guinardo",2,1,4,1,2,2,0,0,0,0,0,1,1,1,1,1,1,1,41.419466,2.16736,0,,0,1,1,park
234,2,Barcelona,43,11,Jardins del Príncep de Girona,Jardins del Princep de Girona,/jardins_del_princep_de_girona,,"Spacious recreational mini-park, featuring a small pond water feature and playgrounds, with a cafe and a terrace",2,1,4,1,4,2,0,0,0,0,0,1,1,1,1,1,1,1,41.409868,2.168369,0,,0,1,1,
235,2,Barcelona,19,10,Rambla Avenida de Gaudí,Rambla Avenida de Gaudi,/rambla_avenida_de_gaudi,,"A busy and beautiful pedestrian avenue stretching four blocks north of La Sagrada Familia with views of the spectacular building itself. The rambla plays host to high street shops, restaurants and places to eat, bars and more",1,4,2,1,2,4,1,0,0,0,0,1,1,1,1,1,1,1,41.407824,2.174379,0,,47,1,1,"gaudi,gaudí,rambla,shopping"
236,2,Barcelona,85,3,Barcelona Escape Rooms,Barcelona Escape Rooms,/barcelona_escape_rooms,,"Barcelona is famous for its sheer number of escape rooms in the city. There are also escape rooms available in English, but check websites before booking",2,4,4,8,2,4,0,40,0,0,0,1,1,0,8,1,1,0,0,0,0,,0,1,1,
237,2,Barcelona,26,10,Arenas de Barcelona,Plaza Espanya Centre Comercial Las Arenas,/plaza_espanya_centre_comercial_las_arenas,,"A huge round multi-storey building next to Plaza Espanya housing hundred of shops, restaurants, a tremendous viewpoint and a cinema",2,4,2,1,4,4,0,0,0,0,0,1,1,1,1,1,1,1,41.376323,2.14933,0,,0,1,1,"plaça,placa,plaza,square,shopping"
238,2,Barcelona,83,10,Passeig Marítim del Port Olímpic,Passeig Maritim del Port Olimpic,/passeig_maritim_del_port_olimpic,,"A popular seafront promenade overlooking the Port Olimpic boating marina, surrounded by night clubs, bars, restaurants, hotels and the casino",2,4,2,1,4,4,1,0,0,0,0,1,1,1,1,1,1,1,41.388095,2.198912,0,,0,1,1,
239,2,Barcelona,18,4,Teatre Nacional de Catalunya,Teatre Nacional de Catalunya,/teatre_nacional_de_catalunya,Check the website for the latest performances and schedule,A performing arts theatre situated near to Glories,2,4,2,16,2,2,0,0,0,0,0,1,1,1,8,1,1,1,41.399956,2.185746,0,https://www.tnc.cat/,0,1,1,
240,2,Barcelona,20,7,Fàbrica Moritz Barcelona,Moritz Brewery Barcelona,/moritz_brewery_barcelona,,The famous Moritz factory and brewery in the Sant Antoni neighbourhood of Barcelona. The bar is set on multiple floors and has a very large restaurant and a functioning brewery on site,2,4,2,1,1,1,0,0,0,0,0,1,1,1,2,1,1,1,41.382629,2.163437,0,https://moritz.com/,0,1,1,
241,2,Barcelona,19,7,Antigua Fábrica Estrella Damm Barcelona,Estrella Damm Brewery Barcelona,/estrella_damm_brewery_barcelona,,"The site of the former Damm factory and brewery in the Sagrada Familia neighbourhood of Barcelona. The factory has a permanent exhibition on site and plays host to tours and live events, such as concerts and festivals",2,1,2,4,1,1,0,0,0,0,0,1,1,1,2,1,1,1,41.409298,2.177898,0,http://visitas.estrelladamm.com/,0,1,1,
242,2,Barcelona,26,9,Torres Venecianes Plaza España,Torres Venecianes Plaza Espana,/torres_venecianes_plaza_espana,,"An iconic pair of towers built in the 1920s, with a design inspired by Venice. The towers appear to stand at the doorway on the walk up to Palau Nacional from Plaza Espanya",1,4,2,1,2,2,0,0,0,0,0,1,1,1,1,1,1,1,41.373968,2.149805,0,,0,1,1,"plaça,placa,plaza,square,tower"
243,2,Barcelona,20,5,Plaça de la Universitat,Plaza Universidad,/plaza_universidad,,"A large open plaza and common meeting point for people visiting the area or passing through. Many key central tourist attractions are accessible from here, not to mention shops, bars and restaurants closeby",1,1,1,1,2,4,0,0,0,0,0,1,1,1,1,1,1,1,41.385703,2.163975,0,,0,1,1,"plaça,placa,plaza,square"
244,2,Barcelona,26,8,Mirador de Palau Nacional,The View From The National Palace,/the_view_from_the_national_palace,,"A grand view from the steps of Palau Nacional, towards Plaza Espanya and mount Tibidabo in the far distance",1,1,2,1,4,4,1,5,0,0,0,1,1,1,1,1,1,1,41.368953,2.153237,0,,115,1,1,
245,2,Barcelona,26,8,Mirador de l'Alcalde Montjuïc,Mirador de l'Alcalde Montjuic,/mirador_de_lalcalde_montjuic,,A viewpoint halfway up Montjuic out over the Mediterranean sea,2,1,4,1,4,4,0,2,0,0,0,1,1,1,1,1,1,1,41.366716,2.169418,0,,0,1,1,
246,2,Barcelona,26,8,Mirador Mediterraneo Montjuïc,Mirador Mediterraneo Montjuic,/mirador_mediterraneo_montjuic,,"A viewpoint, which offers magnificent views out over the sea and the Port of Barcelona, next to the Cable Car station on Montjuic. There is also a cafe next to it",2,1,4,1,4,4,1,10,0,0,0,1,1,1,1,1,1,1,41.370999,2.172538,0,,245,1,1,
247,2,Barcelona,26,8,Mirador Mediterraneo Montjuïc Castle,Mirador Mediterraneo Montjuic Castle,/mirador_mediterraneo_montjuic_castle,,"A magnificent lookout point from high up near to the Castle of Montjuic in the wooded area, overlooking the Port of Barcelona and the sea",2,1,4,1,4,4,0,10,0,0,0,1,1,1,1,1,1,1,41.364066,2.16759,0,,246,1,1,
248,2,Barcelona,11,9,Gran Teatre del Liceu,Gran Teatre del Liceu,/gran_teatre_del_liceu,Check the official website for show times and booking options,"A historical landmark theatre showcasing operas, concerts and dance recitals with a spectacular interior",2,2,1,16,2,2,0,0,0,0,0,1,1,1,1,1,1,1,41.380198,2.173296,0,https://www.liceubarcelona.cat/#,0,1,1,
249,2,Barcelona,11,7,Centre de Cultura Contemporània de Barcelona (CCCB),Centre of Contemporary Culture Barcelona (CCCB),/centre_of_contemporary_culture_barcelona_cccb,The centre is closed on Mondays. Free admission days exist. Check the website for more details.,The Centre de Cultura Contemporània de Barcelona (CCCB) is an arts centre in Raval. The CCCB focusses on the showcasing of artefacts relating to Barcelona and its urban culture,2,1,1,4,2,4,0,2,0,0,0,1,1,1,4,1,1,1,41.38379,2.166775,0,http://www.cccb.org/en,41,1,0,
250,2,Girona,86,6,Lloret de Mar,Lloret de Mar,/lloret_de_mar,,"Lloret de Mar is a town on the Costa Brava. It boasts several Mediterranean beaches, the medieval hillside 'Castle of Sant Joan' to the east and the Iglesia de Sant Romà, a church showcasing examples of both Catalan Gothic and modernist architecture",8,1,8,8,4,2,0,1,0,0,1,1,1,1,2,1,-2,1,41.700591,2.839794,0,,0,1,1,
251,2,Girona,86,6,Tossa de Mar,Tossa de Mar,/tossa_de_mar,,"Tossa de Mar is situated in Catalonia, Spain, on the Costa Brava some 100 kilometres north of Barcelona and 100 kilometres south of the French border. Its closest airport is Girona Airport, a short distance to the north",8,1,8,8,4,2,0,15,0,0,1,1,1,1,2,1,-2,1,41.718371,2.933209,0,,252,1,1,
252,2,Girona,86,6,Castell de Tossa,The Castle at Tossa de Mar,/the_castle_at_tossa_de_mar,,"The Castle of Tossa de Mar is situated on a rocky outcrop, which juts out into the sea, just south of the Bay of Tossa. The Iconic 12th-century castle is popular with tourists and features fortification walls, numerous towers and a courtyard, not forgetting a collection of quaint bars and restaurants, supporting the foot-fall to the area all year round",8,1,8,8,4,2,0,13,0,0,1,1,1,1,2,1,-2,1,41.717163,2.934461,0,http://www.infotossa.com/en,251,1,1,
253,2,Girona,86,6,Girona & The Old Town,Girona & The Old Town,/girona_and_the_old_town,,"The Old Town of Girona boasts over 2,000 years of history, which is reflected in its buildings. It has 2 fortified enclosures; one Roman and another from medieval times. Like Barcelona, it also has the old Jewish Quarter 'Call Jueu', a series of winding streets, Gothic buildings, Baroque monuments and Arab baths",8,1,8,8,4,2,0,3,0,0,1,1,1,1,1,1,-2,1,41.979412,2.821427,0,,0,1,1,
254,2,Barcelona,86,6,Colònia Güell y La Cripta,Colonia Guell & Gaudi's Crypt,/colonia_guell_and_gaudis_crypt,,The Church of Colònia Güell is an unfinished work by Antoni Gaudí and situated outside of Barcelona. Originally built as a place of worship for the people in the suburb of Santa Coloma de Cervelló,8,1,4,4,2,2,0,1,0,0,1,1,1,1,2,0,2,1,41.363879,2.027845,0,http://www.gaudicoloniaguell.org/,0,1,1,
255,2,Barcelona,37,9,Temple Expiatori del Sagrat Cor,Temple of the Sacred Heart of Jesus,/temple_of_the_sacred_heart_of_jesus,,"The holy temple and church at the top of Mount Tibidabo, adorned by a large Christ statue and a huge bronze sacred heard statue. The church sits next to the entrance to the Tibidabo Theme Park",4,1,4,4,2,2,1,1,0,0,0,1,1,1,2,1,1,1,41.422068,2.11879,0,https://tibidabo.salesianos.edu/en/,0,1,1,
256,2,Barcelona,26,4,Sala Montjuïc,Barcelona Open Air Cinema,/barcelona_open_air_cinema,Check the website for the full programme of film screenings,The Barcelona Open Air Cinema operates during the warmer summer months next to the Castle of Montjuic. Hundreds of film-goers sit together on the grass and watch a film under the stars,2,2,4,4,1,4,0,50,0,1,0,0,0,1,8,1,1,1,41.363883,2.165602,0,http://salamontjuic.org/,0,1,1,
257,2,Barcelona,13,4,Día de los Reyes,Day of the Kings,/day_of_the_kings,Occurs in January. Check the route map before you set off,"The Day of the Three Kings or Epiphany Day is a religious day of celebration. In Barcelona, there is an annual parade which travels slowly through the streets from Via Laietana to Plaza Espanya and the Magic Fountain",2,2,2,1,4,4,0,1,1,1,0,0,1,0,1,1,1,1,41.386531,2.184664,0,,0,1,1,
258,2,Barcelona,85,4,Calçotada,Calcotada,/calcotada,Occurs in February or March,"The calçotada is a gastronomic feast typically occurring in the western region of Catalonia. Calçots are a variety of onion/leek, specially cultivated for this purpose and are roasted directly on the flames and eaten by hand in combination with a special sauce",2,1,2,1,4,4,1,0,1,1,0,0,1,0,1,1,1,0,0,0,0,,0,1,1,
259,2,Barcelona,26,4,Barcelona Carnival,Barcelona Carnival,/barcelona_carnival,Occurs end of February or March,,4,4,2,1,4,4,0,2,1,1,0,0,1,0,1,0,1,0,41.374283,2.149633,0,,0,1,0,
260,2,Barcelona,38,4,Festa de Sant Medir,Barcelona Sweet Festival,/barcelona_sweet_festival,,An epic parade between Carrer de San Salvador and Gran de Gràcia,2,1,2,1,4,4,0,0,1,1,0,0,1,0,1,0,1,1,41.406057,2.156574,0,http://www.santmedir.org/,86,1,0,"festival,fiesta"
261,2,Barcelona,77,4,Feria de Abril,Barcelona April Flamenco Festival,/barcelona_april_flamenco_festival,,A week long flamenco festival that follows Easter,4,1,4,2,4,4,0,1,1,1,0,0,1,0,1,0,1,1,41.411932,2.224879,0,,68,1,0,
262,2,Barcelona,86,4,Barcelona Formula Uno,Barcelona Formula 1,/barcelona_formula_1,Occurs in May each year,"During the weekend of the Barcelona Formula One, the city more busy with octane revellers flocking to the circuit, which is situated some 30 minutes from Barcelona by train near to Granollers",16,1,16,32,2,4,1,0,1,1,1,1,1,1,8,1,-2,1,41.56827,2.25716,0,https://www.spain-grand-prix.com/en/,0,1,1,
263,2,Barcelona,86,4,Fiesta Monegros,Monegros Electronic Music Festival,/monegros_electronic_music_festival,Occurs in July each year,,16,4,8,16,1,4,0,0,1,1,1,0,1,1,8,0,-2,0,0,0,0,,264,1,0,"festival,fiesta"
264,4,Benicassim,86,4,Benicassim Festival (FIB),Benicassim Festival (FIB),/benicassim_festival_fib,Occurs in July each year,"During the hot July summer month, the Valencian town of Benicassim plays host to this huge week long music festival, with hundred of acts",32,8,16,32,2,4,0,0,1,1,0,1,1,1,8,1,-2,1,40.047674,0.047452,0,https://fiberfib.com/,267,1,0,"festival,fiesta"
265,2,Barcelona,79,4,Llum Bcn Poblenou,Barcelona Llum Festival,/barcelona_llum_festival,Occurs in February each year,A 3 day festival of light and sound happening at various locations in the neighbourhood of Poblenou. Watch as tourists and locals flock to the area in the evening to marvel at the curious light installations and performances,4,2,2,1,8,4,1,2,1,1,0,0,1,0,1,1,1,0,41.403656,2.188859,0,https://www-lameva.barcelona.cat/santaeulalia/llumbcn/,0,1,1,
266,2,Barcelona,26,4,Pride Parade Barcelona,Pride Parade Barcelona,/pride_parade_barcelona,Occurs end of June each year. Check the program for more information,"An annual Pride festival and march in Barcelona, occurring near to Plaza Espanya",8,4,2,1,4,4,1,0,1,1,0,0,1,0,1,1,1,1,41.373108,2.150474,0,https://www.pridebarcelona.org/en/program/,0,1,1,
267,4,Benicassim,86,4,Rototom Reggae Festival,Rototom Reggae Festival,/rototom_reggae_festival,Occurs in August each year,"One of, if not the biggest, reggae music festivals in Europe offering a full week of live reggae, dub, African and Caribbean music from heavy-hitting artists in the reggae scene. 2018 saw the 25th anniversary of the Rototom Festival",32,2,16,32,2,4,1,20,1,1,0,1,1,1,8,1,-1,1,40.04827,0.048716,0,https://www.rototomsunsplash.com/en/,264,1,1,"festival,fiesta"
268,2,Barcelona,26,4,Festa Major de Sants,Sants Neighbourhood Festival,/sants_neighbourhood_festival,Occurs in August each year,"The annual festival of the neighbourhood of Sants, which hosts music, dance, arts and food stalls for a full week in the streets of the neighbourhood",8,4,2,1,8,4,1,10,1,1,0,0,1,0,1,1,1,1,41.375729,2.135157,0,,86,1,1,"festival,fiesta"
269,2,Barcelona,38,5,Plaça del Sol,Plaza del Sol,/plaza_del_sol,,"A large plaza square in the Gracia neighbourhood frequented mainly by tourists and locallers looking to sit outside and enjoy one of the surrounding tapas restaurants, wine bars or coffee shops, which serve the plaza",2,4,4,1,8,2,1,0,0,0,0,1,1,1,1,1,1,1,41.401794,2.156499,0,,86,1,1,"plaça,placa,plaza,square,food"
270,2,Barcelona,40,8,Mirador de Joan Sales,Mirador de Joan Sales,/mirador_de_joan_sales,,This viewpoint is above Park Güell in Carmel Hill and it is situated at the highest part of the hill offering unparalleled views out over the city,4,1,8,1,8,4,0,60,0,0,0,1,1,1,1,1,1,1,41.416268,2.152786,0,,45,1,1,
271,2,Barcelona,12,10,Avinguda del Portal de l'Àngel,Avenue of the Portal of the Angel,/avenue_of_the_portal_of_the_angel,,"A major shopping street running from Plaza Catalunya into the Gothic Quarter, featuring major highstreet brands",2,1,1,1,8,4,1,5,0,0,0,1,1,1,1,1,1,1,41.385848,2.172747,0,,0,1,1,
272,2,Barcelona,12,5,Plaça Nova,Plaza Nova,/plaza_nova,,"A bustling lively square next to The Cathedral. The plaza changes on a daily basis to accommodate local events, markets, processions, festivals and musical activities and is a very central, popular place for tourists",1,1,1,1,8,4,1,10,0,0,0,1,1,1,1,1,1,1,41.38423,2.175084,0,,0,1,1,"plaça,placa,plaza,square"
273,2,Barcelona,12,5,Plaça Vila de Madrid,Plaza Vila de Madrid,/plaza_vila_de_madrid,,"The 'Plaza de la Villa of Madrid' is a square in the Gothic Quarter just off the La Rambla. The square contains significant historical archaeological remains, after being exposed during an urban development project back in 1958. These archaeological finding were later preserved and exposed in situ, integrating them into the square's urban environment",1,1,1,1,4,2,0,0,0,0,0,1,1,1,1,1,1,1,41.384492,2.17216,0,,0,1,1,"plaça,placa,plaza,square"
274,2,Barcelona,13,10,Rambla del Born (Passeig del Born),Rambla del Born (Passeig del Born),/rambla_del_born_passeig_del_born,,"One of the main highstreets in the Sant Pere, Santa Caterina I La Ribera neighbourhood, known also as El Born. This busy street houses many restaurants and bars as well as offering a key meeting place to tourists and locallers alike",1,4,1,1,8,4,1,35,0,0,0,1,1,1,1,1,1,1,41.384727,2.182856,0,,0,1,1,
275,2,Barcelona,14,11,Passeig de Joan de Borbó,Passeig de Joan de Borbo,/passeig_de_joan_de_borbo,,The passeig of Joan of Borbo runs nearly north to south and connects Barceloneta metro station with Plaza de Mar and the beaches of Barceloneta,2,4,1,1,8,4,1,40,0,0,0,1,1,1,1,1,1,1,41.379018,2.1876,0,,0,1,1,
276,2,Barcelona,12,2,Tapas @ Carrer Ample,Tapas @ Carrer Ample,/tapas_at_carrer_ample,Most of the restaurants open from 7 but peak time can be as late as 10pm,"Carrer Ample in the 'bottom' of The Gothic Quarter has many nearly hidden but unique and homely tapas restaurants, distributed along the street, great for dinner or drinks opportunities",2,2,1,8,2,4,0,20,0,0,0,1,1,0,1,1,1,1,41.380028,2.179605,0,,0,1,1,
277,2,Barcelona,13,5,Plaça de Sant Cugat Born,Plaza de Sant Cugat Born,/plaza_de_sant_cugat_born,,"A small but vibrant plaza in the heart of El Born, housing a few local restaurants and regularly busy all day long, especially in the warmer summer months",1,4,2,1,8,4,0,0,0,0,0,1,1,1,1,1,1,1,41.386695,2.17989,0,,0,1,1,"plaça,placa,plaza,square"
278,2,Barcelona,11,2,Drinks @ Carrer de Joaquín Costa Raval,Drinks @ Carrer de Joaquin Costa Raval,/drinks_at_carrer_de_joaquin_costa_raval,,"The street of Joaquin Costa in the Raval neighbourhood has many bars open late into the night and attracts, in the summer, a younger audience. Most bars and restaurants are small and give a true flavour of the regular Barcelona drinking culture, offering bars not so much frequented by tourists",2,2,2,1,1,1,0,10,0,0,0,1,1,1,1,1,1,1,41.38232,2.166033,0,,0,1,1,
279,2,Barcelona,20,2,Drinks @ Carrer del Parlament Sant Antoni,Drinks @ Carrer del Parlament Sant Antoni,/drinks_at_carrer_del_parlament_sant_antoni,,"Parlament Street is a somewhat up and coming street in the Sant Antoni neighbourhood with an elegant and hip drinking culture, frequented by locallers and tourists alike",2,4,2,1,1,1,0,0,0,0,0,1,1,1,1,1,1,1,41.376436,2.162509,0,,56,1,1,
280,2,Barcelona,11,2,Drinks @ Plaça de Salvador Seguí Raval,Drinks @ Plaza de Salvador Segui Raval,/drinks_at_plaza_de_salvador_segui_raval,,#TODO,2,4,1,1,1,1,0,0,0,0,0,1,1,1,1,0,1,1,41.378846,2.171047,0,,0,1,1,"plaça,placa,plaza,square"
281,2,Barcelona,14,11,La Rambla de Mar,La Rambla de Mar,/la_rambla_de_mar,,"Rambla de Mar is a heavily trodden open space great for walking out over the sea. The bridge, which is in service, takes pedestrians from the Port of Barcelona over to the Maremagnum shopping centre and the Barcelona Aquarium",2,4,1,1,4,4,1,50,0,0,0,1,1,1,1,1,1,1,41.375135,2.180834,0,,0,1,1,
282,2,Barcelona,14,10,Maremagnum Shopping Mall,Maremagnum Shopping Mall,/maremagnum_shopping_mall,,"A large retail centre jutting out into the sea near to Barceloneta, housing restaurants, clothing outlets and electronics shops, near to the Barcelona Aquarium",2,4,1,1,4,4,1,2,0,0,0,1,1,1,1,1,1,1,41.375185,2.182868,0,,281,1,1,
283,2,Barcelona,46,8,Mirador de Turó del Carmel,View From Turo del Carmel,/view_from_turo_del_carmel,,Turo del Carmel is the hillside next to Park Guell which offers 360 panoramas out over Barcelona. The viewpoint is un-official but accessible from the Mirador de Joan Sales in Park Guell and therefore less popular,4,1,4,1,2,4,0,1,0,0,0,1,1,1,1,1,1,1,41.418523,2.153338,0,,45,1,1,
284,2,Barcelona,13,5,Plaça de les Olles,Plaza de Les Olles,/plaza_de_les_olles,,"A nice little square tucked away just inside El Born, mainly used by the surrounding restaurants and bars, with outdoor eating and drinking opportunities all year round",1,4,1,1,2,2,0,1,0,0,0,1,1,1,1,1,1,1,41.383661,2.183237,0,,0,1,1,"plaça,placa,plaza,square"
285,2,Barcelona,83,12,Beach Volleyball @ Nova Icària,Beach Volleyball @ Nova Icaria,/beach_volleyball_at_nova_icaria,,Nova Icaria beach plays host to volleyball nets and various meetups and groups gather here to play volleyball all year round,4,1,4,1,2,4,0,2,0,1,0,0,1,1,1,1,1,1,41.389402,2.200866,0,,0,1,1,"beach,playa,platja"
286,2,Barcelona,26,8,Mirador de Plaza España Centre Comercial Las Arenas,The View From Plaza Espanya Commercial Centre,/the_view_from_plaza_espanya_commercial_centre,"The viewpoint is best accessed by going inside the shopping centre and up the escalators to the top floor, or in the lift from outside (which is not free).","The view from the Commercial Centre is free and fantastic way to get a look at Palau Nacional and Plaza Espanya from up high. There are also a number of restaurants on the observation deck, too",2,4,2,1,8,4,1,1,0,0,0,1,1,1,1,1,1,1,41.376046,2.149658,0,,0,1,1,"plaça,placa,plaza,square,view"
287,2,Barcelona,12,5,Placeta del Pi,Placeta del Pi,/placeta_del_pi,The plaza has a few food & drink options for visitors wishing to enjoy a coffee or glass of wine whilst watching the world go by,The mini plaza is steeped in history and plays a crucial role in the whole medieval street vibe incorporating twisty winding streets all too recognisable of the typical Barcelona flair,1,4,1,1,8,4,0,10,0,0,0,1,1,1,1,1,1,1,41.381817,2.174257,0,,0,1,1,
288,2,Barcelona,26,3,Refugio 307 (Spanish Civil War Bomb Shelter),Refugio 307 (Spanish Civil War Bomb Shelter),/refugio_307_spanish_civil_war_bomb_shelter,Check opening times or arrange a guided tour,"One of many bomb shelters for the people of Barcelona during the Spanish civil war, offering guided tours",2,1,2,4,8,4,0,1,0,0,0,1,1,1,4,1,1,1,41.37147,2.166711,0,http://ajuntament.barcelona.cat/museuhistoria/ca/muhba-refugi-307,0,1,1,
289,2,Barcelona,26,4,Brunch In The Park,Brunch In The Park,/brunch_in_the_park,Occurs in or around July each year,An open-air music festival occurring yearly in or around July. The festival takes place on the hillside of Montjuic and is very popular so tickets should be purchased well in advance from the official website,4,1,4,4,1,1,0,0,0,1,0,0,1,0,4,0,1,1,41.368011,2.168417,0,http://barcelona.brunch-in.com/park/en/,0,1,0,"parc,festival,music"
290,2,Barcelona,77,12,Skate Park Mar Bella,Skate Park Mar Bella,/skate_park_mar_bella,,"A concrete skate and BMX park, frequented by boarders, skaters and BMX cyclists, situated near to the beach of Mar Bella. In the summer month, the skate park is thriving with activity late into the evening",2,4,4,1,4,4,0,0,0,0,0,1,1,1,1,1,1,1,41.39784,2.210606,0,,0,1,1,parc
291,2,Barcelona,26,7,Museu d'Arqueologia de Catalunya (MAC),Archaeological Museum of Catalonia,/archaeological_museum_of_catalonia,The museum is closed on Mondays,"An art deco building housing Greek, Roman and prehistoric artifacts",2,1,4,2,8,4,0,0,0,0,0,1,1,1,1,1,1,1,41.369786,2.157662,0,http://www.mac.cat/,0,1,0,"museu,museo,museum"
292,2,Barcelona,26,9,Montjuïc Castle Walls,Montjuic Castle Walls,/montjuic_castle_walls,"It is possible to walk around the exterior castle walls and the perimeter of the castle, for free",The castle walls are free to access from outside of the castle (with paid entrance to The Castle giving access to the inside and top of the walls). One can walk around the perimeter of The Castle and get a sense of the scale of the footprint of this grand fortification,2,1,4,2,4,4,0,0,0,0,0,1,1,1,1,1,1,1,41.360706,2.162257,0,,71,1,1,
293,2,Barcelona,26,8,Mirador Montjuïc Castle,Montjuic Castle View,/montjuic_castle_view,The viewpoint is accessed via entry fee to the castle itself,"A spectacular 360 degree panoramic view from the castle walls, one of the highest points in the castle and the highest on Montjuic",2,1,4,4,4,4,0,9,0,0,0,1,1,1,2,1,1,1,41.363614,2.165974,0,,71,1,1,
294,2,Barcelona,26,9,Torre de Comunicacions de Montjuïc,Montjuic Communications Tower,/montjuic_communications_tower,,A spectacular 136m tall communications tower created for the 1992 Olympics,2,1,4,1,4,4,0,3,0,0,0,1,1,1,1,1,1,1,41.36429,2.150623,0,,128,1,1,
295,2,Barcelona,26,9,Palau Sant Jordi,Palau Sant Jordi,/palau_sant_jordi,,"A huge indoor arena, which was first used in the 1992 Olympics and now plays host to sporting events and concerts",2,1,4,4,4,4,0,1,0,0,0,1,1,1,4,1,1,1,41.363376,2.152596,0,https://www.palausantjordi.cat/,128,1,1,
296,2,Barcelona,19,11,Plaça de la Sagrada Família,Sagrada Familia Plaza Park,/sagrada_familia_plaza_park,,"A small park green space to the south west of La Sagrada Familia, offering a little respite from the tourists visiting the famous building",2,4,1,1,4,2,0,0,0,0,0,1,1,1,1,1,1,1,41.402615,2.173158,0,,47,1,1,"plaça,placa,plaza,square"
297,2,Barcelona,19,11,Plaça de Gaudí,Plaza Gaudi Park,/plaza_gaudi_park,,A small green park space to the north east of La Sagrada Familia offering a small lake and some of the favourite spots to capture a great photo of the famous building,2,4,1,1,4,2,0,0,0,0,0,1,1,1,1,1,1,1,41.404631,2.175779,0,,47,1,1,"parc,plaça,placa,plaza,square,gaudi,gaudí"