"id","uuid","date_start","date_end","event_type","event_active","event_recurs","recurrence_rule","event_name","slug","location","lat","lng","location_accuracy","is_in_barcelona","url","event_notes"
"1","d0e24876-d2e4-4e9f-b6d5-f36d666fb29f",2022-01-14,2022-01-23,"Festa Major",true,true,"","Festa Major de Sant Antoni 2022","festa-major-de-sant-antoni-2022-2022","Sant Antoni Neighbourhood",41.3777838,2.1597598,2,true,"https://beteve.cat/agenda/festa-major-sant-antoni/",""
"2","b723a373-fcc2-4e73-92e8-7c24479fff3c",2022-02-04,2022-02-06,"Open Day / Weekend",true,true,"","Llum BCN 2022","llum-bcn-2022-2022","Poblenou Neighbourhood",41.4033546,2.2028843,2,true,"https://www.barcelona.cat/llumbcn/en/",""
"3","5ca0dec5-3dcb-47bd-b1ca-42826d671ab8",2022-02-11,2022-02-13,"Festa Major",true,true,"","Festes de Santa Eulàlia","festes-de-santa-eul-lia-2022","Various - including: Palau de la Virreina / Plaça Nova / El Born Centre de Cultura i Memòria",41.3842534,2.1751129,1,true,"https://www.barcelona.cat/santaeulalia/ca",""
"4","0e9e2d5a-5385-465c-99ff-a2d48388b051",2022-03-06,2022-03-06,"Sporting Event / Festival",true,true,"","Barcelona Marathon","barcelona-marathon-2022","Barcelona - Various",41.3873974,2.168568,3,true,"https://www.zurichmaratobarcelona.es/en/",""
"5","6db558ec-f9d6-41b7-8842-96085720e45e",2022-03-09,2022-03-27,"Music / Film Festival",true,true,"","Terrassa Jazz Festival","terrassa-jazz-festival-2022","Terrassa",41.5631482,2.0054917,3,false,"https://www.jazzterrassa.org/",""
"6","edc459c8-1bba-43d0-ac21-b8df215f8aeb",2022-03-19,2022-03-27,"Festa Major",true,true,"","Festes de Sant Josep Oriol","festes-de-sant-josep-oriol-2022","Plaça del Pi, Plaça Sant Felip Neri, Plaça de Sant Josep Oriol etc",41.3822911,2.1742186,1,true,"https://beteve.cat/agenda/festes-sant-josep-oriol-barcelona/",""
"7","d6ec217e-0de5-4235-8c8f-8b1e96496290",2022-04-22,2022-05-01,"Festa Major",true,true,"","Festa Major de la Sagrada Família 2022","festa-major-de-la-sagrada-fam-lia-2022-2022","Sagrada Familia Neighbourhood",41.4043239,2.1746666,2,true,"https://beteve.cat/cultura/festes-majors-barcelona-barris/",""
"8","a94e3804-3334-4313-8219-3ca1dcd8fdcc",2022-04-29,2022-05-02,"Music / Film Festival",true,true,"","Roser de Maig Festival - Cerdanyola","roser-de-maig-festival-cerdanyola-2022","Cerdanyola del Vallès (Parque del Turonet, s/n 08290 Cerdanyola del Valles)",41.4887108,2.1450551,1,false,"https://www.catalunya.com/fiesta-mayor-del-roser-de-maig-1-1-555688?language=es",""
"9","8bd00dee-a046-4c54-a53b-eddb04e9b397",2022-05-06,2022-05-15,"Festa Major",true,true,"","Festa Major de Navas","festa-major-de-navas-2022","Navas Neighbourhood",41.4195702,2.1857308,2,true,"https://beteve.cat/cultura/festes-majors-barcelona-barris/",""
"10","56151ae5-9486-4845-9a52-2c5bfa54bd83",2022-05-06,2022-05-15,"Festa Major",true,false,"","Festa Major del Bon Pastor","festa-major-del-bon-pastor-2022","Bon Pastor - Various",41.4357302,2.2008467,2,true,"https://beteve.cat/cultura/festes-majors-barcelona-barris/",""
"11","f02074de-c34d-46f6-a597-f8ae85fc1d1a",2022-05-07,2022-05-07,"Open Day / Weekend",true,true,"","Poblenou Open Day","poblenou-open-day-2022","Poblenou Neighbourhood",41.4033546,2.2028843,2,true,"https://www.poblenouurbandistrict.com/programacio-completa-del-poblenou-open-day/",""
"12","0de89df8-8800-4158-b105-5afd6ca6d3d4",2022-05-07,2022-05-15,"Local / Neighbourhood Festival",true,true,"","Girona Flower Festival","girona-flower-festival-2022","Girona - Various",41.9794005,2.8214264,3,false,"https://en.costabrava.org/events/event/flower-festival",""
"13","d15dcc48-92c0-4fac-b60a-9e4e38c86c45",2022-05-14,2022-05-14,"Open Day / Weekend",true,true,"","Night of the Museums","night-of-the-museums-2022","Barcelona - Various",41.3873974,2.168568,3,true,"https://www.barcelona.cat/lanitdelsmuseus/ca",""
"14","42874d35-234a-446a-913e-42f81a7c836c",2022-05-17,2022-05-22,"Festa Major",true,true,"","Festa Major de Nou Barris","festa-major-de-nou-barris-2022","Nou Barris",41.4458428,2.1793567,2,true,"https://www.noubarris.net/web40/?p=79048",""
"15","a996629b-ec97-4478-8d81-263531e00f9d",2022-05-20,2022-05-22,"Local / Neighbourhood Festival",true,true,"","Festes de Maig a Poblenou","festes-de-maig-a-poblenou-2022","Poblenou - Various",41.4033546,2.2028843,2,true,"https://www.femmaig.cat/",""
"16","dc5e8952-d25a-449b-81ee-1f77e4381329",2022-05-27,2022-05-29,"Festa Major",true,true,"","Festa Major de la Dreta de l’Eixample","festa-major-de-la-dreta-de-l-eixample-2022","Dreta de l'Eixample",41.3941343,2.1677158,2,true,"https://beteve.cat/cultura/festes-majors-barcelona-barris/",""
"17","41f4cbc2-d4a9-4f5c-a509-e5df8dc92d55",2022-06-02,2022-06-12,"Music / Film Festival",true,true,"","Primavera Sound","primavera-sound-2022","Parc del Forum",41.4114594,2.2246577,1,true,"https://www.primaverasound.com/en/barcelona",""
"18","37926821-2eef-43eb-8ab3-366466f4f664",2022-06-03,2022-06-15,"Festa Major",true,true,"","Festa Major de Porta","festa-major-de-porta-2022","Porta Neighbourhood",41.4342962,2.177848,2,true,"https://beteve.cat/cultura/festes-majors-barcelona-barris/",""
"19","faef36e7-6b1e-43ea-84e5-8b344c6b7f22",2022-06-03,2022-06-12,"Festa Major",true,true,"","Festa Major de la Trinitat Vella","festa-major-de-la-trinitat-vella-2022","Trinitat Vella Neighbourhood",41.4515122,2.1921596,2,true,"https://beteve.cat/cultura/festes-majors-barcelona-barris/",""
"20","7b3aa593-8042-4031-a10d-e178fa34510d",2022-06-03,2022-10-07,"Sporting Event / Festival",true,true,"","Massa Crítica BCN","massa-cr-tica-bcn-2022","l'Arc de Triomf",41.3910524,2.1806449,1,true,"https://barcelona.bicicritica.com/en/when-where-critical-mass-barcelona/","Check website for other dates. 1st Friday of each month"
"21","0e590ef9-5ad4-40d8-9e0a-56671eb079c5",2022-06-04,2022-06-15,"Festa Major",true,true,"","Festa Major del Guinardó","festa-major-del-guinard-2022","Guinardo Neighbourhood",41.4198364,2.172877,2,true,"https://beteve.cat/cultura/festes-majors-barcelona-barris/",""
"22","6944a169-f3a8-48ae-a090-c91ab5a5da72",2022-06-07,2022-07-24,"Music / Film Festival",true,true,"","10th Festival Jardins Pedralbes","10th-festival-jardins-pedralbes-2022","Jardins del Palau de Pedralbes Avinguda Diagonal 686, 08034 Barcelona",41.3873818,2.1187924,1,true,"https://festivalpedralbes.com/en/",""
"23","321b59db-23ac-4fcb-9e36-2689d89d823d",2022-06-08,2022-06-19,"Festa Major",true,true,"","Festa Major de la Teixonera","festa-major-de-la-teixonera-2022","Horta / Guinardo Neighbourhood",41.4198364,2.172877,2,true,"https://beteve.cat/cultura/festes-majors-barcelona-barris/",""
"24","7dcb9b90-4d27-446a-a950-78547339712e",2022-06-09,2022-06-19,"Festa Major",true,true,"","Festa Major de la Vall d’Hebron","festa-major-de-la-vall-d-hebron-2022","Vall d'Hebron - Various",41.4302194,2.1480621,2,true,"https://beteve.cat/cultura/festes-majors-barcelona-barris/",""
"25","e737852b-71c2-4271-881d-2a1caed896d8",2022-06-09,2022-06-19,"Festa Major",true,true,"","Festa Major del Fort Pienc","festa-major-del-fort-pienc-2022","Fort Pienc - Various",41.3991257,2.1812353,2,true,"https://beteve.cat/cultura/festes-majors-barcelona-barris/",""
"26","c35208de-cc75-4f61-8b11-6e0e149a34be",2022-06-10,2022-09-19,"Music / Film Festival",true,true,"","Mecal Air Barcelona (Open Air Cinema)","mecal-air-barcelona-open-air-cinema-2022","Barcelona Design Museum, Plaça de Josep Antoni Coderch",41.4021668,2.1876385,1,true,"https://mecalbcn.org/en/mecal-air-barcelona/",""
"27","2506e303-04d7-4ec8-8382-3e129cdec2a6",2022-06-12,2022-06-12,"Music / Film Festival",true,false,"","Brunch - On The Beach","brunch-on-the-beach-2022","Parc del Forum",41.4114594,2.2246577,1,true,"https://onthebeach.brunch-in.com/en/",""
"28","3f99f73c-a8ff-47ee-8d9d-e8f9a3b31b65",2022-06-13,2022-06-26,"LGBT Festival",true,true,"","Pride BCN 2022","pride-bcn-2022-2022","Barcelona - Various",41.3873974,2.168568,2,true,"https://www.pridebarcelona.org/",""
"29","8d3c929a-0999-4fb8-bab2-3b482f693757",2022-06-14,2022-06-19,"Festa Major",true,true,"","Festa Major de Can Baró","festa-major-de-can-bar-2022","Can Baró - Various",41.4167029,2.1628427,2,true,"https://beteve.cat/cultura/festes-majors-barcelona-barris/",""
"30","c6517f17-41e5-4156-8a6f-988749330d31",2022-06-15,2022-06-19,"Local / Neighbourhood Festival",true,true,"","La Patum de Berga","la-patum-de-berga-2022","Berga",42.1012595,1.8439221,3,false,"https://www.lapatum.cat/",""
"31","38237f6c-ea7c-407d-81e2-9498b3a7bf44",2022-06-16,2022-06-18,"Festa Major",true,true,"","Festa Major de Baró de Viver","festa-major-de-bar-de-viver-2022","Baró de Viver - Various",41.4468712,2.1982255,2,true,"https://beteve.cat/cultura/festes-majors-barcelona-barris/",""
"32","e0cee0ce-b189-4f12-880f-025f5541d195",2022-06-16,2022-06-18,"Music / Film Festival",true,true,"","Sonar Festival","sonar-festival-2022","Barcelona - Various",41.3873974,2.168568,3,true,"https://sonar.es/",""
"33","103a6959-7023-4aed-9b71-15231f4d00dc",2022-06-16,2022-06-19,"Culture / Arts Festival",true,false,"","Salón Erótico de Barcelona","sal-n-er-tico-de-barcelona-2022","Pavelló de la Vall d'Hebron",41.4275813,2.1470255,1,true,"https://www.barcelonayellow.com/bcn-events-calendar/details/999-salon-erotico-erotic-fair-barcelona",""
"34","4ea500ef-6d72-41f2-857b-7e10b70f16c5",2022-06-16,2022-06-23,"Festa Major",true,false,"","Festa Major de Can Peguera","festa-major-de-can-peguera-2022","Can Peguera - Various",41.4352711,2.1656717,2,true,"https://beteve.cat/cultura/festes-majors-barcelona-barris/",""
"35","b19c8dbe-c77b-4b11-8415-b3e4c5b02838",2022-06-17,2022-06-19,"Festa Major",true,true,"","Festa Major de la Pau","festa-major-de-la-pau-2022","La Pau - Various",41.4234292,2.2060735,2,true,"https://beteve.cat/cultura/festes-majors-barcelona-barris/",""
"36","c12f0a54-9495-4fe2-b87e-ff08129b37a8",2022-06-17,2022-06-19,"Festa Major",true,true,"","Festa Major de Sant Gervasi - la Bonanova","festa-major-de-sant-gervasi-la-bonanova-2022","Plaça Bonanova",41.4065683,2.1335137,1,true,"https://www.fmsantgervasi.com/",""
"37","fa7881ea-b672-4270-9bef-8df84ea8b5f4",2022-06-17,2022-06-26,"Festa Major",true,true,"","Festa Major del Besòs i el Maresme","festa-major-del-bes-s-i-el-maresme-2022","Besòs i el Maresme - Various",41.4167049,2.2141565,2,true,"https://beteve.cat/cultura/festes-majors-barcelona-barris/",""
"38","ff24ade8-e31c-4bbb-b18b-c20f9ad41757",2022-06-19,2022-06-19,"Sporting Event / Festival",true,true,"","Festa de la Bicicleta","festa-de-la-bicicleta-2022","Starts at Carrer d'Aragó with Roger de Flor",41.3984137,2.1731962,1,true,"https://ajuntament.barcelona.cat/bicicleta/es",""
"39","74a7e73b-4020-4a6d-8783-64bfcd7aca19",2022-06-22,2022-06-26,"Festa Major",true,true,"","Festa Major de la Marina","festa-major-de-la-marina-2022","Marina - Various",41.3930741,2.1924475,2,true,"https://beteve.cat/cultura/festes-majors-barcelona-barris/",""
"40","ece594f8-d2aa-4d57-a1ae-268ce200c167",2022-06-23,2022-06-24,"Local / Neighbourhood Festival",true,true,"","Sant Joan Festival","sant-joan-festival-2022","Barcelona",41.3873974,2.168568,3,true,"https://www.barcelona.cat/culturapopular/en/festivals-and-traditions/nit-de-sant-joan","Night of the 23rd only"
"41","dfead6e4-871c-46f3-b011-b38c4914bf9f",2022-06-26,2022-06-26,"Open Day / Weekend",true,true,"","Discover the Sea Floor","discover-the-sea-floor-2022","Museu Marítim Avinguda de les Drassanes, 08001 Barcelona",41.3758504,2.1761781,1,true,"https://www.mmb.cat/es/actividades/viaje-al-fondo-del-mar-en-batiscafo-9/","Also: Jul 24, 2022 11:30 AM to 12:30 PM"
"42","f84e1185-3917-441b-b739-3cb0809a1d76",2022-06-27,2022-07-03,"Festa Major",true,true,"","Festa Major del Camp d’en Grassot i Gràcia Nova","festa-major-del-camp-d-en-grassot-i-gr-cia-nova-2022","Camp d'en Grassot and Gràcia Nova",41.4039537,2.1669764,2,true,"https://ajuntament.barcelona.cat/ccivics/lasedeta/p/47470/festa-major-del-camp-den-grassot-2022",""
"43","4e8ddb4d-9323-4d47-9433-e20e5a79ef14",2022-06-28,2022-07-03,"Festa Major",true,true,"","Festes Major de Rubi","festes-major-de-rubi-2022","Rubí",41.488384,2.0166808,3,false,"https://www.rubi.cat/es/temas/cultura/fiestas-y-tradiciones/fiesta-mayor-de-sant-pere",""
"44","c62c5bc9-d086-480e-bc72-9ee68c8a8b6e",2022-06-30,2022-07-02,"Music / Film Festival",true,true,"","VIDA Festival","vida-festival-2022","Vilanova i la Geltrú",41.2151504,1.727446,3,false,"https://www.en.vidafestival.com/",""
"45","996c6af9-de69-4f3f-8667-75f6afad45a8",2022-07-01,2022-07-03,"Festa Major",true,true,"","Festa Major de la Vila Olímpica","festa-major-de-la-vila-ol-mpica-2022","Vila Olímpica - Various",41.3930156,2.1962075,2,true,"https://beteve.cat/cultura/festes-majors-barcelona-barris/",""
"46","db5888f4-fbe2-4a8c-9464-c6abc575ae9b",2022-07-01,2022-07-03,"Festa Major",true,true,"","Festa Major de Torre Baró","festa-major-de-torre-bar-2022","Torre Baró - Various",41.4583696,2.180391,2,true,"https://beteve.cat/cultura/festes-majors-barcelona-barris/",""
"47","258e95f6-4c06-4cf1-a662-807d3a9c8470",2022-07-01,2022-07-10,"Festa Major",true,true,"","Festa Major del Carmel","festa-major-del-carmel-2022","Carmel - Various",41.4237758,2.1552154,2,true,"https://beteve.cat/cultura/festes-majors-barcelona-barris/",""
"48","2dd75a0b-64f7-4554-a1a2-ee9063687235",2022-07-01,2022-08-05,"Music / Film Festival",true,true,"","Sala Montjuïc","sala-montju-c-2022","Castle of Montjuic",41.362959,2.1650636,1,true,"https://www.salamontjuic.org/",""
"49","92732abf-a670-456c-b739-893294623446",2022-07-01,2022-09-02,"Music / Film Festival",true,true,"","Nits d'Estiu Calella","nits-d-estiu-calella-2022","Calella",41.6134239,2.6537529,3,false,"https://www.calellabarcelona.com/planifica/esdeviments/nits-d-estiu-a-calella/",""
"50","d8f1e2d0-493d-41cc-84a0-a9929628d26b",2022-07-01,2022-09-30,"Music / Film Festival",true,true,"","Nits del Fòrum","nits-del-f-rum-2022","Parc del Fòrum, Barcelona",41.4114594,2.2246577,1,true,"https://www.primaverasound.com/en/nits-del-forum","Open air music in El Fòrum during July/Aug/Sept. A project by Primavera Sound"
"51","8b323a16-6e00-4c56-8001-b2b5d5074cce",2022-07-02,2022-07-02,"Music / Film Festival",true,true,"","Barcelona Beach Festival (BBF)","barcelona-beach-festival-bbf-2022","Platja de la Pau beach by Parc de la Pau in Sant Adrià de Besòs",41.4271619,2.2261029,1,true,"https://www.barcelonayellow.com/bcn-events-calendar/details/1981-tickets-barcelona-beach-festival","Now held in Madrid"
"52","5a4cc95f-e8dd-4866-b426-37c239add139",2022-07-05,2022-07-08,"Culture / Arts Festival",true,true,"","Tarragona International Fireworks Competition","tarragona-international-fireworks-competition-2022","Tarragona",41.1188827,1.2444909,3,false,"https://www.tarragonaturisme.cat/es/eventos/concurso-internacional-de-fuegos-artificiales-ciutat-de-tarragona",""
"53","a1d97372-e6d7-41ab-9443-98e1af367449",2022-07-06,2022-07-09,"Music / Film Festival",true,true,"","Festival Cruïlla","festival-cru-lla-2022","Parc del Fòrum, Barcelona",41.4114594,2.2246577,1,true,"https://www.cruillabarcelona.com/en/",""
"54","7717bd3d-68fe-4c53-aad1-1133dfff832a",2022-07-07,2022-07-10,"Sporting Event / Festival",true,true,"","European Balloon Festival","european-balloon-festival-2022","Igualada",41.5847817,1.6226538,3,false,"https://www.ebf.cat/index.php/ca/",""
"55","9d52d978-f382-4208-bac4-e2704a0fba62",2022-07-14,2022-07-17,"Festa Major",true,true,"","Festa Major del Raval","festa-major-del-raval-2022","El Raval - Various",41.3797129,2.1681474,2,true,"https://beteve.cat/cultura/festes-majors-barcelona-barris/",""
"56","079a1a25-49b3-4d7f-89cb-9283f8f9c4a5",2022-07-14,2022-07-24,"Festa Major",true,true,"","Festa Major del Poble-sec","festa-major-del-poble-sec-2022","Poble Sec - Various",41.3725602,2.1675332,2,true,"https://beteve.cat/cultura/festes-majors-barcelona-barris/",""
"57","d7328a02-15cd-41f2-b17b-aa604ae8a9d3",2022-07-15,2022-07-17,"Music / Film Festival",true,true,"","Share Festival","share-festival-2022","Poble Espanyol",41.3688085,2.1482732,1,true,"https://www.sharefestival.org/",""
"58","f5ecd6a2-6710-413f-8055-310c74b49c1a",2022-07-16,2022-07-24,"Music / Film Festival",true,false,"","Cadaqués International Music Festival","cadaqu-s-international-music-festival-2022","Cadaqués",42.2887571,3.2779723,3,false,"https://www.festivalcadaques.com/index.php/ca/",""
"59","c3734310-7a7a-46c2-afff-d32513022c15",2022-07-22,2022-07-26,"Local / Neighbourhood Festival",true,true,"","Concurs Internacional de Focs d'Artificials de Blanes","concurs-internacional-de-focs-d-artificials-de-blanes-2022","Blanes",41.6759103,2.7899934,3,false,"https://focs.blanes.cat/es/51-concurso-internacional-de-fuegos-artificiales-de-la-costa-brava/","This is the 50th year celebration"
"60","5e06d13f-b64f-42bf-a602-69b0d0aba6b4",2022-07-22,2022-08-07,"Music / Film Festival",true,true,"","Sons del Món","sons-del-m-n-2022","Museu de la Ciutadella de Roses, Ciutadella de Roses Av. de Rhode s/n, 17480 Roses",42.2653688,3.1713149,1,false,"https://www.sonsdelmon.cat/","In Emporda"
"61","9bffe936-9f01-46f6-a201-9474571dc33f",2022-07-28,2022-09-10,"Music / Film Festival",true,true,"","Mas i Mas Festival","mas-i-mas-festival-2022","Barcelona - Various",41.3873974,2.168568,3,true,"https://masimasfestival.com/en/agenda/",""
"62","7ed6122c-3c95-45d5-9914-25c1a4e11786",2022-07-30,2022-07-30,"Music / Film Festival",true,true,"","Monegros Desert Festival","monegros-desert-festival-2022","Desierto de los Monegros - Fraga",41.5234875,0.3404468,3,false,"https://www.barcelonayellow.com/bcn-events-calendar/details/1277-monegros-desert-festival-near-barcelona",""
"63","993b6e7a-2897-40bb-9d97-96e10d0e025f",2022-08-06,2022-08-14,"LGBT Festival",true,true,"","Circuit Festival","circuit-festival-2022","Illa Fantasia Water Park",41.503559,2.36319,1,false,"https://www.circuitfestival.net/",""
"64","5355b1f9-f406-48c5-9b6b-b2bf32c7859b",2022-08-12,2022-08-14,"Music / Film Festival",true,true,"","Brunch In The Park / In The City / On The Beach","brunch-in-the-park-in-the-city-on-the-beach-2022","Parc Del Fòrum / Jardins de Joan Brossa Montjuic",41.3682618,2.1650693,1,true,"https://barcelona.brunch-in.com/park/","More Brunch events on the website"
"65","5a5fa7c0-e931-475d-a8b7-87e6ace6abfb",2022-08-13,2022-08-14,"Local / Neighbourhood Festival",true,true,"","Festes de Sant Roc a la Plaça Nova 2022","festes-de-sant-roc-a-la-pla-a-nova-2022-2022","Sant Roc a la Plaça Nova - Various",41.3842534,2.1751129,2,true,"https://beteve.cat/cultura/festes-majors-barcelona-barris/",""
"66","56293668-9558-4050-b5f9-c933abd57d87",2022-08-15,2022-08-21,"Festa Major",true,true,"","Festa Major de Gràcia","festa-major-de-gr-cia-2022","Gracia Neighbourhood",41.4111806,2.157474,2,true,"https://www.festamajordegracia.cat/",""
"67","88d4e89c-a8dd-44d7-8874-2272426844b8",2022-08-16,2022-08-22,"Music / Film Festival",true,true,"","Rototom Sunsplash Reggae Festival","rototom-sunsplash-reggae-festival-2022","Benicàssim",40.0553841,0.06404549,3,false,"https://rototomsunsplash.com/",""
"68","1380c839-c992-4631-a6ca-f7eea6f29ce8",2022-08-24,2022-08-31,"Festa Major",true,true,"","Festa Major de Sants","festa-major-de-sants-2022","Sants Neighbourhood",41.3754426,2.1355003,2,true,"https://ajuntament.barcelona.cat/sants-montjuic/ca/festa-major-sants","Fiesta Mayor de Sants. End date approximate"
"69","5925c392-0289-475d-8c17-6dff02d804c4",2022-09-01,2022-09-04,"Festa Major",true,true,"","Festa Major de la Bordeta","festa-major-de-la-bordeta-2022","La Bordeta - Various",41.3698948,2.13741,2,true,"http://festamajor.bordeta.org/",""
"70","e4c417df-7226-4775-b885-7ba9a62c66b6",2022-09-02,2022-09-03,"Music / Film Festival",true,true,"","DGTL Festival","dgtl-festival-2022","Parc del Fòrum, Barcelona",41.4114594,2.2246577,1,true,"https://bcn.dgtl.nl/en/?skip_portal=1",""
"71","827beeea-df42-4f60-8278-6f0726b60ac4",2022-09-02,2022-09-05,"Festa Major",true,true,"","Festes Major de Sabadell","festes-major-de-sabadell-2022","Sabadell",41.54967,2.0819966,3,false,"https://web.sabadell.cat/festamajor",""
"72","2cc7cd24-be1b-45ff-a06a-7101b5f2dc89",2022-09-06,2022-09-21,"Festa Major",true,true,"","Festa Major de Diagonal Mar i el Front Marítim 2022","festa-major-de-diagonal-mar-i-el-front-mar-tim-2022-2022","Diagonal Mar i el Front Marítim - Various",41.4068625,2.2118948,2,true,"https://ajuntament.barcelona.cat/santmarti/ca/noticia/diagonal-mar-i-el-front-maritim-de-festa-major_850054",""
"73","3022fc5b-2ce2-481a-95a1-7594cd6bcae0",2022-09-08,2022-09-12,"Festa Major",true,true,"","Festa Major del Farró","festa-major-del-farr-2022","Farró - Various",41.4031072,2.147559,2,true,"https://elculturista.cat/activitat_familiar/festa-major-del-farro-2/",""
"74","00debe8d-d392-44cd-80a7-81eb56149783",2022-09-09,2022-09-18,"Festa Major",true,true,"","Festa Major d’Horta","festa-major-d-horta-2022","Horta - Various",41.4333728,2.1522428,2,true,"https://beteve.cat/cultura/festes-majors-barcelona-barris/",""
"75","3ae013fd-4c4d-464e-b134-73596feaa7bf",2022-09-09,2022-09-18,"Festa Major",true,true,"","Festa Major de Poblenou","festa-major-de-poblenou-2022","Poblenou - Various",41.4033546,2.2028843,2,true,"https://www.festamajorpoblenou.org/",""
"76","cd5c7c41-b764-4a45-9da3-3dd95aab36be",2022-09-09,2022-09-18,"Festa Major",true,true,"","Festa Major del Poblenou","festa-major-del-poblenou-2022","Poblenou Neighbourhood",41.4033546,2.2028843,2,true,"https://www.festamajorpoblenou.org/",""
"77","9318c0f9-f0ac-4317-874e-06970d7555f0",2022-09-11,2022-09-11,"Culture / Arts Festival",true,true,"","Dia de Catalunya","dia-de-catalunya-2022","Barcelona - Various",41.3873974,2.168568,3,true,"https://web.gencat.cat/es/diada-nacional-de-catalunya/historia/celebracions-historiques/",""
"78","cc8bd807-3381-4ae6-b35f-d3b176e2e81a",2022-09-15,2022-09-18,"Open Day / Weekend",true,true,"","Barcelona Gallery Weekend","barcelona-gallery-weekend-2022","Barcelona various locations - see website",41.3873974,2.168568,3,true,"https://www.barcelonagalleryweekend.com/","See website for full location information"
"79","d7af1f9f-d89c-44c1-9943-71a18d9ecadb",2022-09-15,2022-09-18,"Sporting Event / Festival",true,true,"","Skate Love Barcelona","skate-love-barcelona-2022","CEM Mar Bella",41.4000657,2.2117822,1,true,"https://www.skatelovebcn.com/",""
"80","921f93e3-2812-4c15-82ac-9093653c5c2b",2022-09-23,2022-09-26,"Music / Film Festival",true,true,"","BAM Festival","bam-festival-2022","Barcelona - Various",41.3873974,2.168568,3,true,"https://www.barcelona.cat/bam/en/",""
"81","67696b17-3a36-42e9-ba3a-d498ccc34391",2022-09-23,2022-09-26,"Local / Neighbourhood Festival",true,true,"","La Mercè (Festes de la Mercè)","la-merc-festes-de-la-merc-2022","Barcelona - Various",41.3873974,2.168568,3,true,"https://www.barcelona.cat/lamerce/ca","Also known simply as La Mercè"
"82","c4f85255-71d2-4b09-b164-3a6c01874ef2",2022-09-29,2022-10-02,"Festa Major",true,true,"","Festa Major de la Barceloneta","festa-major-de-la-barceloneta-2022","Barceloneta Neighbourhood",41.3801061,2.1896957,2,true,"https://www.acib.cat/cat/festa-major-de-la-barceloneta-2022/inici",""
"83","27b16693-5d44-4255-9de5-71b879cac8e2",2022-09-30,2022-10-02,"Food / Drink Festival",true,true,"","Born Street Food Festival","born-street-food-festival-2022","Plaça Pla de Palau (El Born)",41.3826279,2.1831871,1,true,"https://barcelonaborngourmet.com/en/born-street-food/",""
"84","35fa4388-ac59-455c-a4fa-2b63bb399bdc",2022-09-30,2022-10-08,"Festa Major",true,true,"","Festa Major d’Hostafrancs","festa-major-d-hostafrancs-2022","Hostafrancs - Various",41.3752754,2.1433128,2,true,"https://beteve.cat/cultura/festes-majors-barcelona-barris/",""
"85","df79b195-3139-4cb9-811a-e8c271022986",2022-09-30,2022-10-09,"Festa Major",true,true,"","Festa Major de l’Esquerra de l’Eixample","festa-major-de-l-esquerra-de-l-eixample-2022","Esquerra Eixample",41.3852619,2.1543306,2,true,"https://festesesquerraeixample.org/",""
"86","f6ae9182-d45f-4eb0-b7f1-bbd3b6fe4020",2022-09-30,2022-10-09,"Music / Film Festival",true,true,"","Festival Internacional Blues de Cerdanyola","festival-internacional-blues-de-cerdanyola-2022","Cerdanyola del Vallès",41.4900778,2.138664,3,false,"https://bluesdecerdanyola.com/",""
"87","bc2e5371-5540-4c0f-bfec-32edf4033a6c",2022-09-30,2022-10-12,"Festa Major",true,true,"","Festa Major de les Corts","festa-major-de-les-corts-2022","Les Corts - Various",41.38447,2.1107283,2,true,"https://ajuntament.barcelona.cat/lescorts/ca/coneixeu-el-districte/festa-major",""
"88","3d57406f-2cb3-4050-96c9-b8ba82369339",2022-10-01,2022-10-09,"Festa Major",true,true,"","Festa Major de Sarrià","festa-major-de-sarri-2022","Sarrià - Various",41.4036152,2.1167357,2,true,"https://www.centredesarria.cat/celebra-la-festa-major-de-sarria-2022-amb-el-centre-i-teatre-de-sarria/",""
"89","06c55cde-a020-47a7-9ed1-f60f82f68fd3",2022-10-08,2022-10-16,"Festa Major",true,true,"","Festa Major de Canyelles","festa-major-de-canyelles-2022","Canyelles",41.2829335,1.7230553,3,false,"https://beteve.cat/cultura/festes-majors-barcelona-barris/",""
"90","1d3a4360-0fa3-4971-968c-c6d317048fd0",2022-10-11,2022-12-15,"Music / Film Festival",true,true,"","Barcelona Jazz Festival","barcelona-jazz-festival-2022","Barcelona - Various",41.3873974,2.168568,3,true,"https://www.jazz.barcelona/es/",""
"91","b981dfc7-641d-4a47-b8eb-a543691b811f",2022-10-12,2022-10-12,"Local / Neighbourhood Festival",true,true,"","Fiesta Nacional de España","fiesta-nacional-de-espa-a-2022","Barcelona - Various",41.3873974,2.168568,3,true,"https://convenioandresbello.org/fiesta-nacional-de-espana/","This is a national holiday in Spain and the day Columbus arrived in America in 1492. (Note: website is not the official one)"
"92","7ec17aa9-0570-4a96-94a1-d665972fec83",2022-10-22,2022-10-22,"Open Day / Weekend",true,true,"","Barcelona International Community Day","barcelona-international-community-day-2022","Maritime Museum",41.3758504,2.1761781,1,true,"https://www.barcelona.cat/internationalwelcome/en/barcelona-international-community-day-2022",""
"93","d85350c8-27ea-48c5-80bd-99a20ea8ae02",2022-11-03,2022-11-13,"Festa Major",true,true,"","Festa Major de la Verneda i Sant Martí de Provençals","festa-major-de-la-verneda-i-sant-mart-de-proven-als-2022","Sant Martí Neighbouhood - Various",41.4100098,2.2029804,2,true,"https://www.barcelona.cat/culturapopular/ca/noticia/infobarcelonacaja-es-aqui-la-festa-major-de-la-verneda-de-sant-marti-2022_1223404",""
"94","f87023cc-5fcc-4feb-bece-653a384c323f",2022-11-03,2022-11-20,"Festa Major",true,true,"","Festa Major del Clot - Camp de l’Arpa","festa-major-del-clot-camp-de-l-arpa-2022","Clot and Camp de l'Arpa",41.4134135,2.1813081,2,true,"https://www.eixclot.cat/cat/festa-major-del-clot-2022/programa",""
"95","724fe045-843c-405a-903d-feb8f1a8165e",2022-11-05,2022-11-13,"Local / Neighbourhood Festival",true,true,"","Festa de Tardor de Sant Martí","festa-de-tardor-de-sant-mart-2022","Cerdanyola del Vallès",41.4900778,2.138664,3,false,"https://www.cerdanyola.cat/agenda/festa-de-tardor-de-sant-marti-2022",""
"96","fa005088-ee21-4d25-bccf-cb3aded41a99",2022-11-30,2022-12-01,"Tech Festival",true,true,"","Tech Spirit Barcelona","tech-spirit-barcelona-2022","Casa Llotja de Mar",41.3822043,2.182524,1,true,"https://techspirit.barcelona/",""
"97","c98fa3b3-b36a-4e36-8b65-f93d1da476a8",2022-12-31,2022-12-31,"Local / Neighbourhood Festival",true,true,"","New Year's Eve (Cap d'any)","new-year-s-eve-cap-d-any-2022","Font Màgica de Montjuïc",41.3711603,2.1517402,1,true,"https://www.barcelona.cat/nadal/en/new-years-bell-ringing","Free fireworks at Montjuic Fountain"
"98","7502ab40-6385-490c-b4a9-dee9ced252e2",2023-01-05,2023-01-05,"Local / Neighbourhood Festival",true,true,"","The Three Kings Parade","the-three-kings-parade-2023","Parc Ciutadella to Plaça d'Espanya",41.388123,2.1860152,2,true,"https://www.barcelona.cat/nadal/en/three-kings/three-kings-parade","Check website for route - Parc Ciutadella to Plaça d'Espanya"
"99","705daa30-549a-43eb-a3e0-c5be0f2358b1",2023-01-13,2023-01-22,"Festa Major",true,true,"","Festa Major de Sant Antoni","festa-major-de-sant-antoni-2023","Sant Antoni Neighbourhood",41.3777838,2.1597598,2,true,"https://fmsantantoni.com/","Check website for details"
"100","41827d21-be36-4dbf-b356-b48996b89c50",2023-02-03,2023-02-05,"Food / Drink Festival",true,true,"","Fira de La Candelera","fira-de-la-candelera-2023","Molins de Rei",41.4134488,2.0182425,2,false,"https://www.candelera.cat/",""
"101","a86b45ef-2a6e-4274-a0f8-3b594954f4fc",2023-02-03,2023-02-05,"Open Day / Weekend",true,true,"","Llum BCN","llum-bcn-2023","Poblenou Neighbourhood",41.4033546,2.2028843,2,true,"https://www.barcelona.cat/llumbcn/en",""
"102","cb675240-a1b1-4f31-b5a9-7778c914cc4f",2023-02-16,2023-02-22,"LGBT Festival",true,true,"","Carnaval Sitges","carnaval-sitges-2023","Sitges - Various",41.2365928,1.8058987,3,false,"https://www.visitsitges.com/en/carnaval-sitges-2023/",""
"103","50723eb3-7259-46f5-868b-2122d6563fcb",2023-03-01,2023-03-19,"Local / Neighbourhood Festival",true,true,"","Fallas de Valencia","fallas-de-valencia-2023","Valencia - Various",39.4699075,-0.3762881,3,false,"https://www.visitvalencia.com/agenda-valencia/fiestas/las-fallas-de-valencia","Even though the event takes place in Valencia, a lot of people travel from Barcelona to enjoy the festival"
"104","77f9ec6f-f54b-43fb-9cbc-badbd665acb9",2023-03-03,2023-03-03,"Local / Neighbourhood Festival",true,true,"","Festa de Sant Medir","festa-de-sant-medir-2023","Gràcia Neighbourhood",41.4111806,2.157474,2,true,"https://www.barcelona.cat/culturapopular/es/fiestas-y-tradiciones/sant-medir",""
"105","866b3cce-18cb-42af-8801-3a6997860846",2023-03-18,2023-07-28,"Music / Film Festival",true,true,"","Guitar BCN","guitar-bcn-2023","Various - check website",41.3873974,2.168568,3,true,"https://www.guitarbcn.com/es/f-1007/guitar-bcn-2023","Check website for location information"
"106","fe519a75-f141-4e28-b7ac-261d773de5c3",2023-03-19,2023-03-19,"Sporting Event / Festival",true,true,"","Barcelona Marathon","barcelona-marathon-2023","Starts and ends at Plaza de España. Check website",41.3750289,2.1491173,1,true,"https://www.zurichmaratobarcelona.es/en/","Starts and ends at Plaza de España"
"107","6391d43b-bca8-44d1-a388-e0a76720eab1",2023-03-23,2023-03-25,"Culture / Arts Festival",true,true,"","OFFF Barcelona","offf-barcelona-2023","Disseny Hub Barcelona",41.4022757,2.1883718,1,true,"https://www.offf.barcelona/",""
"108","89e13024-61e9-44c8-be95-1d46e63c059a",2023-03-25,2023-04-01,"Music / Film Festival",true,true,"","Blues & Ritmes Badalona","blues-ritmes-badalona-2023","Margarida Xirgu Theatre",41.4498131,2.2466939,1,true,"https://teatrezorrilla.cat/blues-i-ritmes/",""
"109","01a644b3-baee-4a08-b0be-80c103b748d1",2023-04-23,2023-04-23,"Local / Neighbourhood Festival",true,true,"","Sant Jordi's Day","sant-jordi-s-day-2023","Barcelona - Various",41.3873974,2.168568,3,true,"https://www.barcelona.cat/santjordi/en","Various places, also Fabrica Estrella"
"110","2a26c4d0-691d-4595-9f46-bcead44432e4",2023-05-06,2023-05-06,"Open Day / Weekend",true,true,"","Poblenou Open Day","poblenou-open-day-2023","Poblenou Neighbourhood",41.4033546,2.2028843,2,true,"https://poblenouurbandistrict.com/en/open-day/",""
"111","a9353f50-392d-4c29-be74-6e7e5200022c",2023-05-07,2023-05-07,"Music / Film Festival",true,true,"","Ameba Parkfest Montjuic","ameba-parkfest-montjuic-2023","Castle of Montjuic",41.362959,2.1650636,1,true,"https://ameba.cat/","Program runs throughout the year"
"112","4bb4a65b-2966-4af5-98e2-054f34332b88",2023-05-29,2023-06-04,"Music / Film Festival",true,true,"","Primavera Sound","primavera-sound-2023","Parc del Forum",41.4114594,2.2246577,3,true,"https://www.primaverasound.com/en/primavera-sound-barcelona-madrid-2023",""
"113","1716303f-8892-44ff-8333-8a8c81b0b233",2023-06-13,2023-06-15,"Music / Film Festival",true,true,"","Sonar Festival","sonar-festival-2023","Fira de Barcelona",41.3873974,2.168568,1,true,"https://sonar.es/en",""
"114","3a5e5c91-aa0e-4294-8b2a-1fe44a59a34e",2023-06-20,2023-06-21,"Music / Film Festival",true,false,"","La OBC en la playa (Outdoor Orchestra)","la-obc-en-la-playa-outdoor-orchestra-2023","Bogatell Beach",41.3943735,2.2070109,1,true,"https://www.auditori.cat/es/evento/clasica-en-la-playa/",""
"115","0b60cfda-421b-4e7c-8044-c1a816deb785",2023-06-29,2023-07-02,"Music / Film Festival",true,true,"","Barcelona Rock Fest","barcelona-rock-fest-2023","Parc de Can Zam, Santa Coloma de Gramenet",41.4572639,2.1960034,1,false,"https://www.barcelonarockfest.com/","Dates not confirmed yet"
"116","fcfe496d-69a1-4fab-8f20-cef69134521c",2023-07-01,2023-07-02,"Music / Film Festival",true,true,"","Canet Rock","canet-rock-2023","Canet de Mar",41.5889734,2.5803886,3,false,"https://www.canetrock.cat/",""
"117","82a12211-3845-4aa3-8e25-e92e218e2b6f",2023-07-03,2023-07-16,"LGBT Festival",true,true,"","Pride BCN","pride-bcn-2023","Carrer Parallel and Barcelona - Various",41.3873974,2.168568,2,true,"https://www.pridebarcelona.org/programa-pride-bcn-2023/",""
"118","77fd6af7-b1a6-4c5b-9aab-f918d6fe5fe9",2023-07-05,2023-07-08,"Music / Film Festival",true,true,"","Festival Cruïlla","festival-cru-lla-2023","Parc del Fòrum",41.4114594,2.2246577,1,true,"https://www.cruillabarcelona.com/",""
"119","04454c8f-466b-455a-a50d-d0385a969b49",2023-07-22,2023-07-22,"Music / Film Festival",true,true,"","Esplurock","esplurock-2023","Parc dels Torrents, Esplugues de Llobregat",41.3745829,2.0903741,1,false,"https://www.facebook.com/esplurock/",""
"120","986d3dd7-e13b-48e1-a912-305a5dd1b3b3",2023-08-11,2023-08-13,"Music / Film Festival",true,true,"","Brunch Electronik Barcelona","brunch-electronik-barcelona-2023","Parc del Fòrum",41.4114594,2.2246577,1,true,"https://festival.brunchelectronik.com/",""
"121","3ac61f9c-e177-439b-bb19-6685d0ad55e7",2023-08-26,2023-09-17,"Sporting Event / Festival",true,true,"","La Vuelta de España (Tour de España)","la-vuelta-de-espa-a-tour-de-espa-a-2023","Various Locations - Check website",41.3873974,2.168568,3,true,"https://www.lavuelta.es/es",""
"122","df4188fa-2f2f-4492-aca7-32e17cd53a80",2023-09-14,2023-09-14,"Open Day / Weekend",true,true,"","Hola Barcelona","hola-barcelona-2023","Palauet Albéniz",41.3674814,2.1559928,1,true,"https://www.barcelonaglobal.org/",""
"123","2d097297-d633-4349-927c-b1a30ecd598e",2023-09-14,2023-09-17,"Open Day / Weekend",true,true,"","Barcelona Gallery Weekend","barcelona-gallery-weekend-2023","Barcelona - Various",41.3873974,2.168568,3,true,"https://www.barcelonagalleryweekend.com/",""
"124","0a7cffb9-840e-45da-988c-0040b9aca4f6",2023-09-15,2023-09-17,"Sporting Event / Festival",true,true,"","Wodcelona International Crossfit Competition","wodcelona-international-crossfit-competition-2023","Port Olímpic de Barcelona (on the jetty near Somorrostro beach)",41.3878842,2.1984635,1,true,"https://www.wodcelona.com/","CrossFit competition, held on the jetty near Somorrostro beach"
"125","c137ab53-01ed-470d-bd91-0102ce768478",2023-09-20,2023-09-24,"Festa Major",true,true,"","Festa Major de Sant Mateu (Esplugues)","festa-major-de-sant-mateu-esplugues-2023","Esplugues de Llobregat",41.3766912,2.0858115,2,false,"https://www.esplugues.cat/festa-major-de-sant-mateu-2023/",""
"126","bd45cf0a-f0e0-4330-8e66-8877946dcdd3",2023-09-22,2023-10-01,"Festa Major",true,true,"","Festa Major de Sant Miquel (Molins de Rei)","festa-major-de-sant-miquel-molins-de-rei-2023","Molins de Rei",41.4134488,2.0182425,3,false,"https://molinsderei.cat/festamajor/",""
"127","bfa16fd0-f68e-4b43-b30e-f1c2382f3bd8",2023-09-29,2023-10-01,"Food / Drink Festival",true,true,"","Born Street Food Festival","born-street-food-festival-2023","Plaça Pla de Palau (El Born)",41.3826279,2.1831871,1,true,"https://barcelonaborngourmet.com/en/born-street-food/",""
"128","2c38b8d4-3898-44b3-8ecd-0364e3774bd1",2023-09-29,2023-10-01,"Sporting Event / Festival",true,true,"","Festival de la Velocidad","festival-de-la-velocidad-2023","Circuit de Barcelona-Catalunya",41.5696659,2.2578755,1,false,"https://festivaldelavelocidad.com/",""
"129","7001b3b7-c715-40d6-b0ea-e95306f6dbc7",2023-10-05,2023-10-15,"Music / Film Festival",true,true,"","Sitges Film Festival","sitges-film-festival-2023","Multiple Cinemas - Sitges",41.2365928,1.8058987,3,false,"https://sitgesfilmfestival.com/es","Multiple cinemas in Sitges. Check website for details"
"130","2ff9dff6-541f-4cdd-a838-8c75c545bd59",2023-10-06,2023-10-08,"Culture / Arts Festival",true,true,"","Baumfest","baumfest-2023","Fira de Barcelona",41.3873974,2.168568,1,true,"https://baumfest.com/en/home/",""
"131","bcfd243a-9891-4f98-a40d-1bb03c2aa435",2023-10-07,2023-10-08,"Culture / Arts Festival",true,true,"","Viu Montjuic","viu-montjuic-2023","Montjuic - Various",41.3640002,2.1674931,2,true,"https://www.barcelona.cat/viumontjuic/es",""
"132","21fdf335-a17c-43ce-8643-345023663f4f",2023-10-08,2023-10-08,"Sporting Event / Festival",true,true,"","Barcelona Triathlon","barcelona-triathlon-2023","Mar Bella Beach / Mar Bella Athletics Track",41.3986632,2.2122102,1,true,"https://www.triathlon.barcelona/en/",""
"133","82d459e2-8614-474e-82fa-9151d2cc345a",2023-10-21,2023-10-22,"Open Day / Weekend",true,true,"","48 Hour Open House Barcelona","48-hour-open-house-barcelona-2023","Multiple Locations - check website",41.3873974,2.168568,3,true,"https://www.48hopenhousebarcelona.org/","Multiple locations - check website"
"134","f7221bbb-5aa7-4edb-9f7f-96730687e4e5",2023-10-21,2023-10-22,"Culture / Arts Festival",true,true,"","Mercat de Mercats Barcelona","mercat-de-mercats-barcelona-2023","Plaça de Catalunya",41.3870154,2.1700471,1,true,"https://www.barcelona.cat/mercatdemercats/es",""
"135","c221d8fc-b478-4184-95bf-8a8fe18eb56e",2023-11-03,2023-11-12,"Local / Neighbourhood Festival",true,true,"","La Verneda de Sant Martí","la-verneda-de-sant-mart-2023","Sant Martí Neighbouhood - Various",41.4100098,2.2029804,2,true,"https://www.evern.org/festa-major-2023/",""
"136","dad2a7db-7d69-41b1-bc4f-da4e513a9b26",2023-11-05,2023-11-05,"Local / Neighbourhood Festival",true,true,"","Trobada BCN Ciutat Diversa","trobada-bcn-ciutat-diversa-2023","Arc de Triomf - Passeig de Lluís Companys",41.3910524,2.1806449,1,true,"https://ajuntament.barcelona.cat/oficina-no-discriminacio/ca/noticia/trobada-bcn-ciutat-diversa-2023",""
"137","d4cab910-7e69-46a6-93d8-60c9ff0d9b46",2023-11-23,2024-01-06,"Local / Neighbourhood Festival",true,true,"","Christmas Lights Turn on","christmas-lights-turn-on-2023","Passeig de Gracia",41.3880345,2.170281,1,true,"https://www.barcelona.cat/infobarcelona/en/tema/culture-and-leisure/horaris-de-lenllumenat-de-nadal-del-2023_1331713.html",""
"138","7dcd34a7-a3b8-4e3f-8a3f-c7572927a3f0",2023-11-24,2023-11-24,"Local / Neighbourhood Festival",true,true,"","Fira de Santa Llúcia","fira-de-santa-ll-cia-2023","Plaça Nova",41.3842534,2.1751129,1,true,"https://en.firadesantallucia.cat/la_fira.php",""
"139","eaa1c597-3734-4c22-9ff9-f28306fe2a2b",2023-11-24,2023-11-24,"Open Day / Weekend",true,true,"","Poblenou Open Night","poblenou-open-night-2023","Poblenou - Various",41.4033546,2.2028843,2,true,"https://poblenouurbandistrict.com/en/poblenou-open-night/",""
"140","0bc642d1-eecb-4f8f-8ea8-f2bca4ca6586",2024-02-03,2024-03-23,"Music / Film Festival",true,true,"","Sons de Ciutat Winter","sons-de-ciutat-winter-2024","Barcelona - Various Neighbourhoods",41.3873974,2.168568,3,true,"https://www.barcelona.cat/sonsdeciutat/en","Occurs each saturday from 12h (check line-up). As well as winter/christmas, also occurs in spring and autumn throughout the year."
"141","dacf0205-6c0a-453c-a740-83972d82889c",2024-05-15,2024-05-26,"Food / Drink Festival",true,true,"","The Champions Burger","the-champions-burger-2024","Fira Barcelona Montjuïc, Plaça de L’Univers",41.3739349,2.1505137,1,true,"https://thechampionsburger.es/","The festival travels around Spain"
"142","94093b20-a769-4d4e-be7f-b49c69d1b78e",2024-06-07,2024-06-09,"Food / Drink Festival",true,true,"","Meat and Fire Festival","meat-and-fire-festival-2024","Moll de la Fusta",41.3796026,2.1820142,1,true,"https://meatandfire.org/en/",""
"143","55a3b94e-30a9-4520-96e2-756f601a34be",2024-07-20,2024-07-21,"Music / Film Festival",true,true,"","Reggaeton Beach Festival","reggaeton-beach-festival-2024","Circuit de Barcelona-Catalunya (Montmeló)",41.5696659,2.2578755,1,false,"https://reggaetonbeachfestival.com/","This year the festival is held on the racetrack in Montmeló."
"144","33aff56c-4e0f-4252-a85f-12d38d48d989",2024-11-21,2024-11-21,"Culture / Arts Festival",false,true,"","Els Llums de Sant Pau","els-llums-de-sant-pau-2024","Recinte Modernista de Sant Pau",41.4136099,2.1747451,1,true,"https://elsllumsdesantpau.com/","The event runs until 14th January 2024."
"145","190054cf-4dff-46dd-8855-eedb9a59585f",2024-03-22,2024-03-24,"Food / Drink Festival",true,true,"","Barcelona Beer Festival","barcelona-beer-festival-2024","Plaza Universo at Fira Barcelona Montjuïc",41.3735642,2.1515691,1,true,"https://barcelonabeerfestival.com/",""
"146","ad5bd058-ee9c-446c-b8f6-54ca500f8225",2024-04-26,2024-05-05,"Culture / Arts Festival",true,true,"","Feria de Abril","feria-de-abril-2024","Parc del Fòrum",41.4129941,2.2285858,1,true,"https://parcdelforum.barcelona/es/agenda/feria-de-abril",""
"147","2a608d8a-cd0e-4ef7-be32-a69e41677fc5",2024-05-03,2024-05-05,"Culture / Arts Festival",true,true,"","Comic Fair","comic-fair-2024","Fira de Barcelona",41.3739349,2.1505137,1,true,"https://www.comic-barcelona.com/",""
"148","11b46320-c2a0-48d1-a4ae-c82a068860b8",2024-05-04,2024-11-27,"Music / Film Festival",false,true,"","Mas i Mas Festival","mas-i-mas-festival-2024","Jamboree, Apolo, La Paloma",41.3796814,2.1752178,2,true,"https://masimasfestival.com/","Multiple locations, include Jamboree, Apolo and La Paloma."
"149","0412d665-1f49-4a4d-baa6-8689a0fcd5ae",2024-05-29,2024-06-02,"Music / Film Festival",true,true,"","Primavera Sound","primavera-sound-2024","Parc del Forum",41.4114594,2.2246577,1,true,"https://www.primaverasound.com/",""
"150","aa0f4a47-d452-42f9-b7ba-aa5b666be6ad",2024-06-05,2024-06-09,"LGBT Festival",true,true,"","Sitges Pride","sitges-pride-2024","Sitges Beach",41.2330556,1.8039656,1,true,"https://www.gaysitgespride.com/","The event takes place right on the seafront opposite the Hotel Calipolis."
"151","8a7eb14b-60ea-41a0-8794-f442c52f7346",2024-06-06,2024-06-16,"LGBT Festival",true,true,"","Fire LGBT Cinema Festival","fire-lgbt-cinema-festival-2024","Centre LGTBI de Barcelona",41.3764911,2.1639616,1,true,"https://mostrafire.com/en/","This event has multiple locations. Check the website for more information."
"152","0c548a5a-8fb1-4b75-bf40-91a4f3ed3506",2024-06-13,2024-06-16,"Music / Film Festival",true,true,"","Off Sonar","off-sonar-2024","Poble Espanyol",41.3688085,2.1482732,1,true,"https://offsonar.co/",""
"153","434830b5-6aeb-4665-b949-8215bd7ff655",2024-07-10,2024-07-13,"Music / Film Festival",true,true,"","Festival Cruïlla","festival-cru-lla-2024","Parc del Fòrum, Barcelona",41.4114594,2.2246577,1,true,"https://www.cruillabarcelona.com/",""
"154","0a0da759-f18e-4547-a5cf-04120872921a",2024-07-12,2024-07-12,"Music / Film Festival",true,true,"RRULE:FREQ=WEEKLY;COUNT=9","Mecal Air Barcelona (Open Air Cinema)","mecal-air-barcelona-open-air-cinema-2024","Museo Can Framis",41.4028922,2.1949848,1,true,"https://www.mecalbcn.org/mecal-air","The sessions start at 20:00h"
"155","d444eee2-c98e-4fc2-9a45-420942346e6d",2024-07-20,2024-07-20,"LGBT Festival",true,true,"","Pride Barcelona","pride-barcelona-2024","Plaça de la Universitat",41.3856376,2.1642715,1,true,"https://www.pridebarcelona.org/","The main procession goes from Plaça Universitat to Arc de Triomf, starting at 18:00h"
"156","083d1a56-2a3b-45ab-9078-458870f1a9d0",2024-08-10,2024-08-18,"LGBT Festival",true,true,"","Circuit Festival","circuit-festival-2024","Illa Fantasia Water Park",41.503559,2.36319,1,true,"https://www.circuitfestival.net/",""
"157","ea9285e3-2910-4385-ba07-65fbb82607ac",2024-08-11,2024-08-11,"Music / Film Festival",true,true,"RRULE:FREQ=WEEKLY;COUNT=4","Brunch Electronik Barcelona","brunch-electronik-barcelona-2024","Jardins de Joan Brossa",41.3682618,2.1650693,1,true,"https://barcelona.brunchelectronik.com/",""
"158","782ab81a-9160-4de5-b992-8e8d566576b8",2024-10-03,2024-10-06,"Music / Film Festival",true,true,"","Porn Film Festival","porn-film-festival-2024","Inusual Project, El Raval",41.3824598,2.1654543,1,true,"https://pornfilmfestivalbarcelona.com/",""
"159","0406ca21-a8d8-4799-875c-ab798caef4ec",2024-05-17,2024-05-19,"Music / Film Festival",true,true,"","BDSM Film Festival","bdsm-film-festival-2024","Inusual Project, El Raval",41.3824598,2.1654543,1,true,"https://bdsmfilmfest.com/",""
"160","641c435e-65dc-4cfc-ac94-ff0ce2f5b066",2024-08-21,2024-08-24,"Music / Film Festival",true,true,"","Canela Party","canela-party-2024","Av. del Real, 0, 29620 Torremolinos, Málaga",36.6217432,-4.5139168,1,false,"https://canelaparty.com/",""
"161","f0376e2a-7a41-46aa-b05b-e8a6b63d38c7",2024-07-01,2024-07-25,"Music / Film Festival",true,true,"","Les Nits de Barcelona","les-nits-de-barcelona-2024","Jardins del Palau de Pedralbes",41.3873818,2.1187924,1,true,"https://nitsdebarcelonapedralbes.com/","Check the programme for the full line-up."
"162","c8f1e474-5944-4bb5-b7b8-3fb268407738",2024-09-11,2024-09-11,"Local / Neighbourhood Festival",false,true,"","Dia de Catalunya","dia-de-catalunya-2024","Barcelona - Various",41.3873974,2.168568,3,true,"https://web.gencat.cat/es/diada-nacional-de-catalunya/historia/celebracions-historiques/",""
"163","bb161064-9dcf-48d5-9c60-2218faac3fe3",2024-09-12,2024-09-15,"Sporting Event / Festival",true,true,"","Skate Love Barcelona","skate-love-barcelona-2024","CEM Mar Bella",41.4000657,2.2117822,1,true,"https://www.skatelovebcn.com/",""
"164","991cdf2d-f51c-405f-b3a2-6d1d32053b16",2024-09-13,2024-09-15,"Sporting Event / Festival",true,true,"","Wodcelona International Crossfit Competition","wodcelona-international-crossfit-competition-2024","Moll de la Marina",41.38621796,2.198294913,1,true,"https://wodcelona.com/en",""
"165","83730ff9-c7b3-4c84-a26e-7152b4b42d6d",2024-09-19,2024-09-22,"Open Day / Weekend",true,true,"","Barcelona Gallery Weekend","barcelona-gallery-weekend-2024","Barcelona - Various",41.3873974,2.168568,3,true,"https://barcelonagalleryweekend.com/","There are about 30 gallery locations. Check the website for full details."
"166","215aeb2d-c1e9-4aa6-ae7b-b9b217f68f94",2024-09-20,2024-09-24,"Local / Neighbourhood Festival",true,true,"","La Mercè (Festes de la Mercè)","la-merc-festes-de-la-merc-2024","Barcelona - Various",41.3873974,2.168568,3,true,"https://www.barcelona.cat/lamerce/ca",""
"167","b3e3b06d-947d-496e-93f1-595c33570f0c",2024-09-20,2024-09-24,"Music / Film Festival",true,true,"","BAM Festival","bam-festival-2024","Barcelona - Various",41.3873974,2.168568,3,true,"https://www.barcelona.cat/lamerce/en/bam","There is more than 1 location - check the festival programme."
"168","f5a2c9de-9c2a-4e93-9f3e-5ec6c9ffdecb",2024-09-29,2024-09-29,"Open Day / Weekend",true,true,"","Barcelona International Community Day","barcelona-international-community-day-2024","Maritime Museum",41.3758504,2.1761781,1,true,"https://www.barcelona.cat/internationalwelcome/en/barcelona-international-community-day-2024",""
"169","227361be-2ddb-4f70-b1a2-ab40e0cd5ce1",2024-10-03,2024-10-20,"Food / Drink Festival",true,true,"","Oktoberfest Barcelona","oktoberfest-barcelona-2024","Plaza Universo at Fira Barcelona Montjuïc",41.3735642,2.1515691,1,true,"https://www.oktoberfest-barcelona.es/","The festival runs only Thursday to Sunday for 3 consecutive weekends"
"170","152ee614-8eb6-4ef1-a81e-2abe1e0b7158",2024-11-29,2024-12-23,"Local / Neighbourhood Festival",true,true,"","Sagrada Familia Christmas Market","sagrada-familia-christmas-market-2024","Plaça de la Sagrada Família",41.402606,2.173158,1,true,"https://sagradafamilia.barcelona-tickets.com/sagrada-familia-christmas/",""
"171","407fc030-a870-40ab-86d5-6bae5a7e6e68",2024-12-05,2024-12-08,"Culture / Arts Festival",true,true,"","Manga Barcelona","manga-barcelona-2024","Fira Barcelona Gran Via",41.3546937,2.1278252,1,true,"https://www.manga-barcelona.com/",""
"172","5b930851-0cee-4e54-b7ac-e45076794e3f",2025-01-01,2025-01-01,"Barcelona Public Holiday",true,true,"RRULE:FREQ=YEARLY","Public Holiday - New Year's Day","public-holiday-new-year-s-day-2025","Barcelona",41.3873974,2.168568,3,true,"https://ajuntament.barcelona.cat/calendarifestius/en/",""
"173","e224917b-1028-47d1-b7d3-a8487ecb7400",2025-01-06,2025-01-06,"Barcelona Public Holiday",true,true,"RRULE:FREQ=YEARLY","Public Holiday - Epiphany / Three Kings Day","public-holiday-epiphany-three-kings-day-2025","Barcelona",41.3873974,2.168568,3,true,"https://ajuntament.barcelona.cat/calendarifestius/en/",""
"174","35d68146-5a17-40f8-a1bd-c8460a9a1182",2025-04-18,2025-04-18,"Barcelona Public Holiday",true,true,"","Public Holiday - Good Friday","public-holiday-good-friday-2025","Barcelona",41.3873974,2.168568,3,true,"https://ajuntament.barcelona.cat/calendarifestius/en/",""
"175","944aa592-3519-4fb9-a989-d59ffa74ef3f",2025-04-21,2025-04-21,"Barcelona Public Holiday",true,true,"","Public Holiday - Easter Monday","public-holiday-easter-monday-2025","Barcelona",41.3873974,2.168568,3,true,"https://ajuntament.barcelona.cat/calendarifestius/en/",""
"176","250550b6-b493-4e53-9ecd-5c141cf4350a",2025-05-01,2025-05-01,"Barcelona Public Holiday",true,true,"RRULE:FREQ=YEARLY","Public Holiday - Labour Day / Festa del Treball","public-holiday-labour-day-festa-del-treball-2025","Barcelona",41.3873974,2.168568,3,true,"https://ajuntament.barcelona.cat/calendarifestius/en/",""
"177","a5316bc2-d542-4130-8805-57e0081a3e57",2025-06-09,2025-06-09,"Barcelona Public Holiday",true,true,"","Public Holiday - Pentecost Monday / Pasqua","public-holiday-pentecost-monday-pasqua-2025","Barcelona",41.3873974,2.168568,3,true,"https://ajuntament.barcelona.cat/calendarifestius/en/","A.k.a. Whit Monday"
"178","6a3a4f48-43ae-475c-816a-5b116b9abeef",2025-06-24,2025-06-24,"Barcelona Public Holiday",true,true,"RRULE:FREQ=YEARLY","Public Holiday - Sant Joan","public-holiday-sant-joan-2025","Barcelona",41.3873974,2.168568,3,true,"https://ajuntament.barcelona.cat/calendarifestius/en/","A.k.a. Midsummer Solstice"
"179","a13f5298-43c1-4833-acc5-0794dfc2a095",2025-08-15,2025-08-15,"Barcelona Public Holiday",true,true,"RRULE:FREQ=YEARLY","Public Holiday - Assumption of Mary","public-holiday-assumption-of-mary-2025","Barcelona",41.3873974,2.168568,3,true,"https://ajuntament.barcelona.cat/calendarifestius/en/",""
"180","bc4124a7-1400-4a6d-9838-694456e33e5d",2025-09-11,2025-09-11,"Barcelona Public Holiday",true,true,"RRULE:FREQ=YEARLY","Public Holiday - Catalan National Day / Diada Nacional de Catalunya","public-holiday-catalan-national-day-diada-nacional-de-catalunya-2025","Barcelona",41.3873974,2.168568,3,true,"https://ajuntament.barcelona.cat/calendarifestius/en/",""
"181","6aadfe0a-d05e-4d06-8f5d-d14aef480854",2025-09-24,2025-09-24,"Barcelona Public Holiday",true,true,"RRULE:FREQ=YEARLY","Public Holiday - La Mercè / Mare de Déu de la Mercè","public-holiday-la-merc-mare-de-d-u-de-la-merc-2025","Barcelona",41.3873974,2.168568,3,true,"https://ajuntament.barcelona.cat/calendarifestius/en/",""
"182","c1b99637-65d2-42b7-9bb9-25d72c2b7b43",2025-11-01,2025-11-01,"Barcelona Public Holiday",true,true,"RRULE:FREQ=YEARLY","Public Holiday - All Saints Day / Tot Sants","public-holiday-all-saints-day-tot-sants-2025","Barcelona",41.3873974,2.168568,3,true,"https://ajuntament.barcelona.cat/calendarifestius/en/",""
"183","97d0090a-7c05-47e4-af37-f05e43e21617",2025-12-06,2025-12-06,"Barcelona Public Holiday",true,true,"RRULE:FREQ=YEARLY","Public Holiday - Spanish Constitution Day / Dia de la Constitució","public-holiday-spanish-constitution-day-dia-de-la-constituci-2025","Barcelona",41.3873974,2.168568,3,true,"https://ajuntament.barcelona.cat/calendarifestius/en/",""
"184","b0e5e588-6552-47f5-bbe7-eaea1ddcae2d",2025-12-08,2025-12-08,"Barcelona Public Holiday",true,true,"RRULE:FREQ=YEARLY","Public Holiday - Feast of the Immaculate Conception / La Immaculada","public-holiday-feast-of-the-immaculate-conception-la-immaculada-2025","Barcelona",41.3873974,2.168568,3,true,"https://ajuntament.barcelona.cat/calendarifestius/en/",""
"185","26b7d503-eebb-413b-aaee-6b2bc1ad6ceb",2025-12-25,2025-12-25,"Barcelona Public Holiday",true,true,"RRULE:FREQ=YEARLY","Public Holiday - Christmas / Nadal","public-holiday-christmas-nadal-2025","Barcelona",41.3873974,2.168568,3,true,"https://ajuntament.barcelona.cat/calendarifestius/en/",""
"186","bc580b9e-3d05-4b91-af64-d2b3eaab7112",2025-12-26,2025-12-26,"Barcelona Public Holiday",true,true,"RRULE:FREQ=YEARLY","Public Holiday - Boxing Day / Sant Esteve","public-holiday-boxing-day-sant-esteve-2025","Barcelona",41.3873974,2.168568,3,true,"https://ajuntament.barcelona.cat/calendarifestius/en/",""
"187","86361458-d47c-4a51-a0d2-341e889264a2",2024-08-14,2024-08-17,"Festa Major",true,true,"","Festes de Sant Roc a la Plaça Nova","festes-de-sant-roc-a-la-pla-a-nova-2024","Plaça Nova",41.3842534,2.1751129,1,true,"https://plnova.cat/","Check the website for the full agenda and starting time."
"188","7ba7a96b-cd0f-476b-a89b-79169304aa8f",2024-08-15,2024-08-21,"Festa Major",true,true,"","Festa Major de Gràcia","festa-major-de-gr-cia-2024","Gràcia Neighbourhood",41.4111806,2.157474,2,true,"https://www.festamajordegracia.cat/","The festival also has a dedicated mobile app."
"189","f7508e8e-6db2-47d1-afef-e2f59e27132f",2024-08-24,2024-09-01,"Festa Major",true,true,"","Festa Major de Sants","festa-major-de-sants-2024","Sants Neighbourhood",41.3754426,2.1355003,2,true,"https://ajuntament.barcelona.cat/sants-montjuic/ca/festa-major-sants",""
"190","c50b0f6a-2e2b-4252-8505-de9952cb6035",2024-09-04,2024-09-14,"Festa Major",true,true,"","Festa Major de la Bordeta","festa-major-de-la-bordeta-2024","La Bordeta Neighbourhood",41.3698948,2.13741,2,true,"https://ajuntament.barcelona.cat/sants-montjuic/ca/el-districte-i-els-seus-barris/la-bordeta/festa-major",""
"191","843afbfe-754d-4201-899a-85ba381bc3e9",2024-09-06,2024-09-15,"Festa Major",true,true,"","Festa Major del Poblenou","festa-major-del-poblenou-2024","Poblenou Neighbourhood",41.4033546,2.2028843,2,true,"https://www.festamajorpoblenou.org/",""
"192","dec5cd88-eb47-401b-9ea6-dcd0d184ff61",2024-09-25,2024-09-29,"Festa Major",true,true,"","Festa Major de la Barceloneta","festa-major-de-la-barceloneta-2024","La Barceloneta Neighbourhood",41.3801061,2.1896957,2,true,"https://ajuntament.barcelona.cat/ciutatvella/ca/noticia/la-festa-major-de-la-barceloneta-busca-cartell_1413981",""
"193","c5430a4c-2213-4066-9ab5-87e328473895",2024-09-06,2024-09-15,"Festa Major",true,true,"","Festa Major d’Horta","festa-major-d-horta-2024","Horta Neighbourhood",41.4333728,2.1522428,2,true,"https://ajuntament.barcelona.cat/horta-guinardo/ca/el-districte-i-els-seus-barris/horta/festa-major",""
"194","db30125f-a0df-4318-a427-95ba690817d1",2024-09-27,2024-09-29,"Festa Major",false,true,"","Festa Major de l’Esquerra de l’Eixample","festa-major-de-l-esquerra-de-l-eixample-2024","Esquerra de l’Eixample Neighbourhood",41.3852619,2.1543306,2,true,"https://www.barcelona.cat/culturapopular/ca/festes-i-tradicions/festa-major-de-lesquerra-de-leixample",""
"195","95c75562-0d7f-4abc-848a-4f0560763594",2024-05-24,2024-05-26,"Festa Major",true,true,"","Festa Major de la Dreta de l’Eixample","festa-major-de-la-dreta-de-l-eixample-2024","Dreta de l’Eixample Neighbourhood",41.3941343,2.1677158,2,true,"https://www.barcelona.cat/culturapopular/ca/noticia/infobarcelonacafira-modernista-i-festa-major-de-la-dreta-de-leixample-2024_1393151",""
"196","4a647693-6c2a-4a25-b84b-99a02abdf866",2024-10-04,2024-10-13,"Festa Major",true,true,"","Festa Major de les Corts","festa-major-de-les-corts-2024","Les Corts Neighbourhood",41.3857199,2.118036,2,true,"https://ajuntament.barcelona.cat/lescorts/ca/coneixeu-el-districte/festa-major",""
"197","efc90d9a-89b2-418e-9d20-f06760caed05",2024-08-22,2024-10-27,"Sporting Event / Festival",true,false,"","America's Cup","america-s-cup-2024","Moll de la Fusta",41.3796026,2.1820142,1,true,"https://www.americascup.com/","The event has multiple viewing locations - consult the website for full info."
"198","1e37bd12-9049-4b60-ba0a-deaafada516e",2024-08-09,2024-08-11,"Music / Film Festival",true,true,"","Brunch Electronik Festival","brunch-electronik-festival-2024","Parc del Fòrum, Barcelona",41.4114594,2.2246577,1,true,"https://brunchelectronikfestival.com/",""
"199","8f53494f-d55b-4221-b6b4-d23052cc2e5f",2024-07-05,2024-07-07,"Food / Drink Festival",true,true,"","La Fira del Poblenou","la-fira-del-poblenou-2024","Rambla de Poblenou / Passeig Calvell",41.3973546,2.2060577,1,true,"https://www.lafiradelpoblenou.com/","Consult the website for the starting time."